,Clemenz Opening,Grob Opening,Hungarian Opening,Hungarian Opening: Catalan Formation,Hungarian Opening: Indian Defense,Hungarian Opening: Sicilian Invitation,Hungarian Opening: Slav Formation,Hungarian Opening: Symmetrical Variation,Mieses Opening,Mieses Opening: Reversed Rat,Polish Opening,Saragossa Opening,Van Geet Opening,Van Geet Opening: Reversed Nimzowitsch,Van't Kruijs Opening,Nimzo-Larsen Attack,Nimzo-Larsen Attack: Classical Variation,Nimzo-Larsen Attack: English Variation,Nimzo-Larsen Attack: Indian Variation,Bird Opening,Bird Opening: From's Gambit,Bird Opening: Dutch Variation,Zukertort Opening: Black Mustang Defense,Zukertort Opening: Kingside Fianchetto,Zukertort Opening: Pirc Invitation,Zukertort Opening: Queen's Gambit Invitation,Zukertort Opening: Queenside Fianchetto Variation,Zukertort Opening: Sicilian Invitation,Zukertort Opening: Slav Invitation,King's Indian Attack,King's Indian Attack: Symmetrical Defense,Zukertort Opening: Old Indian Attack,Zukertort Opening: Tennison Gambit,English Opening,English Opening: Anglo-Scandinavian Defense,English Opening: Great Snake Variation,English Opening: Caro-Kann Defensive System,English Opening: Agincourt Defense,English Opening: Anglo-Indian Defense,"English Opening: Anglo-Indian Defense, Queen's Knight Variation",English Opening: King's English Variation,"English Opening: King's English Variation, Reversed Sicilian","English Opening: King's English Variation, Two Knights Variation",English Opening: Symmetrical Variation,"English Opening: Symmetrical Variation, Normal Variation",English Defense,Englund Gambit,Horwitz Defense,Mikenas Defense,Queen's Pawn Game,Queen's Pawn Game: Anglo-Slav Opening,Modern Defense,Old Indian Defense,Benoni Defense: Benoni Gambit Accepted,Benoni Defense: Old Benoni,Queen's Pawn Game: Chigorin Variation,Trompowsky Attack,East Indian Defense,London System,Benoni Defense,Dutch Defense,Dutch Defense: Queen's Knight Variation,Duras Gambit,Goldsmith Defense,King's Pawn Game,Nimzowitsch Defense,Nimzowitsch Defense: Franco-Nimzowitsch Variation,"Nimzowitsch Defense: Kennedy Variation, Linksspringer Variation","Nimzowitsch Defense: Scandinavian Variation, Advance Variation",Owen Defense,Pirc Defense,Rat Defense: Harmonist,St. George Defense,Scandinavian Defense,Scandinavian Defense: Blackburne Gambit,Scandinavian Defense: Blackburne-Kloosterboer Gambit,Scandinavian Defense: Gubinsky-Melts Defense,Scandinavian Defense: Main Line,Scandinavian Defense: Mieses-Kotroc Variation,Alekhine Defense,Alekhine Defense: Normal Variation,Alekhine Defense: Scandinavian Variation,Modern Defense: Standard Defense,Modern Defense: Standard Line,Modern Defense: Two Knights Variation,Pirc Defense: Classical Variation,Caro-Kann Defense,Caro-Kann Defense: Breyer Variation,Caro-Kann Defense: Hillbilly Attack,Caro-Kann Defense: Two Knights Attack,Caro-Kann Defense: Advance Variation,"Caro-Kann Defense: Advance Variation, Short Variation",Caro-Kann Defense: Exchange Variation,Caro-Kann Defense: Classical Variation,Sicilian Defense,Sicilian Defense: Bowdler Attack,Sicilian Defense: Staunton-Cochrane Variation,Sicilian Defense: McDonnell Attack,Sicilian Defense: Smith-Morra Gambit,Sicilian Defense: Alapin Variation,Sicilian Defense: Delayed Alapin Variation,Sicilian Defense: Closed,Sicilian Defense: Grand Prix Attack,Sicilian Defense: Hyperaccelerated Dragon,Sicilian Defense: Nyezhmetdinov-Rossolimo Attack,Sicilian Defense: Old Sicilian,Sicilian Defense: Franco-Sicilian Variation,Sicilian Defense: Open,"Sicilian Defense: Accelerated Dragon, Modern Variation",Sicilian Defense: French Variation,"Sicilian Defense: Kan Variation, Knight Variation",Sicilian Defense: Four Knights Variation,Sicilian Defense: Najdorf Variation,French Defense: King's Indian Attack,French Defense: Knight Variation,French Defense: La Bourdonnais Variation,French Defense: Normal Variation,French Defense: Queen's Knight,French Defense: Steiner Variation,French Defense: Steinitz Attack,French Defense: Two Knights Variation,Rat Defense: Small Center Defense,French Defense: Exchange Variation,"French Defense: Exchange Variation, Monte Carlo Variation",French Defense: Advance Variation,"French Defense: Advance Variation, Nimzowitsch System","French Defense: Advance Variation, Paulsen Attack",French Defense: Rubinstein Variation,"French Defense: Classical Variation, Steinitz Variation",English Opening: The Whale,King's Pawn Game: Leonardis Variation,King's Pawn Game: Napoleon Attack,King's Pawn Game: Wayward Queen Attack,"King's Pawn Game: Wayward Queen Attack, Kiddie Countergambit",Danish Gambit,Center Game: Normal Variation,Center Game: Paulsen Attack Variation,Bishop's Opening,Bishop's Opening: Boi Variation,Bishop's Opening: Philidor Counterattack,Bishop's Opening: Berlin Defense,Vienna Game,Vienna Game: Anderssen Defense,Vienna Game: Max Lange Defense,Vienna Game: Falkbeer Variation,Vienna Game: Stanley Variation,Vienna Game: Vienna Gambit,King's Gambit,Elephant Gambit,King's Knight Opening,King's Pawn Game: Busch-Gass Gambit,King's Pawn Game: Damiano Defense,King's Pawn Game: McConnell Defense,Philidor Defense,Philidor Defense: Exchange Variation,Petrov's Defense,King's Knight Opening: Normal Variation,Ponziani Opening,Ponziani Opening: Jaenisch Counterattack,Scotch Game,Scotch Game: Scotch Gambit,Scotch Game: Classical Variation,Scotch Game: Schmidt Variation,Three Knights Opening,Four Knights Game,Four Knights Game: Italian Variation,Four Knights Game: Scotch Variation Accepted,Four Knights Game: Spanish Variation,Italian Game,Italian Game: Anti-Fried Liver Defense,Italian Game: Giuoco Pianissimo,"Italian Game: Giuoco Pianissimo, Italian Four Knights Variation","Italian Game: Giuoco Pianissimo, Normal",Italian Game: Hungarian Defense,Italian Game: Two Knights Defense,"Italian Game: Two Knights Defense, Modern Bishop's Opening","Italian Game: Two Knights Defense, Fried Liver Attack","Italian Game: Two Knights Defense, Knight Attack, Normal Variation",Ruy Lopez,Ruy Lopez: Cozio Defense,Ruy Lopez: Bird Variation,Ruy Lopez: Steinitz Defense,Ruy Lopez: Classical Variation,Ruy Lopez: Exchange Variation,"Ruy Lopez: Morphy Defense, Caro Variation",Blackmar-Diemer Gambit,Queen's Pawn Game: Levitsky Attack,Queen's Pawn Game: Mason Attack,Queen's Pawn Game: Stonewall Attack,Queen's Pawn Game: Anti-Torre,Queen's Pawn Game: Krause Variation,Queen's Pawn Game: London System,Queen's Pawn Game: Symmetrical Variation,"Queen's Pawn Game: Symmetrical Variation, Pseudo-Catalan",Queen's Pawn Game: Zukertort Variation,Queen's Pawn Game: Torre Attack,Queen's Pawn Game: Colle System,Queen's Gambit,Slav Defense,Slav Defense: Exchange Variation,Slav Defense: Modern Line,Slav Defense: Three Knights Variation,Queen's Gambit Accepted,Queen's Gambit Accepted: Old Variation,Queen's Gambit Declined,Queen's Gambit Declined: Queen's Knight Variation,Semi-Slav Defense: Accelerated Move Order,Queen's Gambit Declined: Exchange Variation,Queen's Gambit Declined: Normal Defense,Queen's Gambit Declined: Three Knights Variation,Semi-Slav Defense,Semi-Slav Defense: Main Line,Nimzo-Indian Defense,Nimzo-Indian Defense: Ragozin Variation,"King's Indian Defense: Normal Variation, King's Knight Variation",King's Indian Defense,"King's Indian Defense: Normal Variation, Rare Defenses",Starting Position
Clemenz Opening,0,2,2,5,3,3,5,3,2,3,2,2,2,3,2,2,3,3,3,2,3,3,3,3,3,3,3,3,3,5,5,4,4,2,3,3,3,3,3,4,3,4,5,3,4,3,3,3,3,2,5,7,4,4,3,5,4,5,6,5,3,6,3,3,2,3,5,6,6,3,3,4,3,3,7,5,7,7,5,3,5,5,7,6,8,8,3,4,4,6,6,8,6,9,3,4,4,4,4,4,11,4,6,5,6,5,7,6,10,5,10,11,11,4,4,4,4,4,4,4,6,5,6,8,6,8,10,7,8,4,4,4,4,5,6,7,8,4,5,5,5,4,5,5,5,6,6,4,5,4,5,5,5,5,7,5,5,6,7,6,8,9,9,6,7,8,9,8,6,7,8,10,9,7,7,8,12,9,6,7,7,7,7,8,9,4,4,4,6,5,5,6,5,6,4,6,6,4,5,6,6,8,5,6,5,6,7,8,7,8,9,10,7,15,6,6,10,1
Grob Opening,2,0,2,5,3,3,5,3,2,3,2,2,2,3,2,2,3,3,3,2,3,3,3,3,3,3,3,3,3,5,5,4,4,2,3,3,3,3,3,4,3,4,5,3,4,3,3,3,3,2,5,7,4,4,3,5,4,5,6,5,3,6,3,3,2,3,5,6,6,3,3,4,3,3,7,5,7,7,5,3,5,5,7,6,8,8,3,4,4,6,6,8,6,9,3,4,4,4,4,4,11,4,6,5,6,5,7,6,10,5,10,11,11,4,4,4,4,4,4,4,6,5,6,8,6,8,10,7,8,4,4,4,4,5,6,7,8,4,5,5,5,4,5,5,5,6,6,4,5,4,5,5,5,5,7,5,5,6,7,6,8,9,9,6,7,8,9,8,6,7,8,10,9,7,7,8,12,9,6,7,7,7,7,8,9,4,4,4,6,5,5,6,5,6,4,6,6,4,5,6,6,8,5,6,5,6,7,8,7,8,9,10,7,15,6,6,10,1
Hungarian Opening,2,2,0,3,1,1,3,1,2,3,2,2,2,3,2,2,3,2,2,2,3,3,3,2,3,3,3,2,3,5,5,4,4,2,3,2,3,3,2,3,3,4,5,2,3,3,3,3,3,2,5,7,4,3,2,5,4,5,6,5,3,6,3,3,2,3,5,6,6,3,3,4,3,3,7,5,7,7,5,2,4,4,7,6,8,8,3,4,4,6,6,8,6,9,2,3,3,3,3,3,10,3,5,4,5,4,6,5,9,4,9,10,10,4,4,4,4,4,4,4,6,5,6,8,6,8,10,7,8,4,4,4,4,5,6,7,8,4,5,5,5,4,5,5,5,6,6,4,5,4,5,5,5,5,7,5,5,6,7,6,8,9,9,6,7,8,9,8,6,7,8,10,9,7,7,8,12,9,6,7,7,7,7,8,9,4,4,4,6,5,5,6,5,6,4,6,6,4,5,6,6,8,5,6,5,6,7,8,7,8,9,10,7,15,6,6,10,1
Hungarian Opening: Catalan Formation,5,5,3,0,4,4,1,4,5,6,5,5,5,6,5,5,6,5,5,5,6,6,6,5,6,6,6,5,6,8,8,7,7,5,6,5,6,6,5,6,6,7,8,5,6,6,6,6,6,5,8,10,7,6,5,8,7,8,9,8,6,9,6,6,5,6,8,9,9,6,6,7,6,6,10,8,10,10,8,5,7,7,10,9,11,11,6,7,7,9,9,11,9,12,5,6,6,6,6,6,13,6,8,7,8,7,9,8,12,7,12,13,13,7,7,7,7,7,7,7,9,8,9,11,9,11,13,10,11,7,7,7,7,8,9,10,11,7,8,8,8,7,8,8,8,9,9,7,8,7,8,8,8,8,10,8,8,9,10,9,11,12,12,9,10,11,12,11,9,10,11,13,12,10,10,11,15,12,9,10,10,10,10,11,12,7,7,7,9,8,8,9,8,9,7,9,9,7,8,9,9,11,8,9,8,9,10,11,10,11,12,13,10,18,9,9,13,4
Hungarian Opening: Indian Defense,3,3,1,4,0,1,4,1,3,3,3,3,3,3,3,2,2,2,1,3,3,3,3,2,3,3,3,2,3,6,6,5,3,2,2,2,2,2,1,2,2,3,4,2,3,3,3,3,3,3,6,8,5,3,2,4,5,6,7,6,3,6,2,2,2,2,4,5,5,2,2,3,2,2,6,4,6,6,4,1,3,3,7,6,8,7,2,3,3,5,5,7,5,8,2,3,3,3,3,3,10,3,5,4,5,4,6,5,9,4,9,10,10,4,4,4,4,4,4,4,6,5,6,8,6,8,10,7,8,4,4,4,4,5,6,7,8,4,5,5,5,4,5,5,5,6,6,4,5,4,5,5,5,5,7,5,5,6,7,6,8,9,9,6,7,8,9,8,6,7,8,10,9,7,7,8,12,9,6,7,7,7,7,8,9,5,5,5,7,6,5,6,5,6,4,6,6,5,6,7,7,9,6,7,6,7,8,9,8,9,10,11,8,16,7,7,11,2
Hungarian Opening: Sicilian Invitation,3,3,1,4,1,0,4,1,3,3,3,3,3,3,3,2,2,1,2,3,3,3,2,2,2,2,2,1,2,6,6,5,3,2,2,2,2,2,2,3,2,3,4,1,2,2,2,2,2,2,5,7,4,2,1,5,4,5,6,5,2,5,2,2,2,2,4,5,5,2,2,3,2,2,6,4,6,6,4,2,4,4,7,6,8,7,2,3,3,5,5,7,5,8,1,2,2,2,2,2,9,2,4,3,4,3,5,4,8,3,8,9,9,4,4,3,3,3,3,4,6,4,5,7,5,7,9,6,7,3,4,4,4,5,6,7,8,3,4,4,4,3,4,4,4,5,5,3,5,4,5,5,5,5,7,5,4,5,6,5,7,8,8,5,6,7,8,7,5,6,7,9,8,6,6,7,11,8,5,6,6,6,6,7,8,4,4,4,6,6,5,6,5,6,4,6,6,4,5,6,6,8,5,6,5,6,7,8,7,8,9,10,7,15,6,6,10,2
Hungarian Opening: Slav Formation,5,5,3,1,4,4,0,4,5,6,5,5,5,6,5,5,6,5,5,5,6,6,6,5,6,6,6,5,6,8,8,7,7,5,6,5,6,6,5,6,6,7,8,5,6,6,6,6,6,5,8,10,7,6,5,8,7,8,9,8,6,9,6,6,5,6,8,9,9,6,6,7,6,6,10,8,10,10,8,5,7,7,10,9,11,11,6,7,7,9,9,11,9,12,5,6,6,6,6,6,13,6,8,7,8,7,9,8,12,7,12,13,13,7,7,7,7,7,7,7,9,8,9,11,9,11,13,10,11,7,7,7,7,8,9,10,11,7,8,8,8,7,8,8,8,9,9,7,8,7,8,8,8,8,10,8,8,9,10,9,11,12,12,9,10,11,12,11,9,10,11,13,12,10,10,11,15,12,9,10,10,10,10,11,12,7,7,7,9,8,8,9,8,9,7,9,9,7,8,9,9,11,8,9,8,9,10,11,10,11,12,13,10,18,9,9,13,4
Hungarian Opening: Symmetrical Variation,3,3,1,4,1,1,4,0,3,3,3,3,3,3,3,3,3,2,2,3,3,3,2,1,2,2,2,2,2,6,6,5,4,2,2,1,2,2,2,3,2,3,4,2,3,3,3,3,3,3,6,8,5,3,2,5,5,6,7,6,3,6,3,3,3,3,5,6,6,3,3,4,3,3,7,5,7,7,5,2,4,4,8,7,9,8,3,4,4,6,6,8,6,9,2,3,3,3,3,3,10,3,5,4,5,4,6,5,9,4,9,10,10,5,5,4,4,4,4,5,7,5,6,8,6,8,10,7,8,4,5,5,5,6,7,8,9,4,5,5,5,4,5,5,5,6,6,4,6,5,6,6,6,6,8,6,5,6,7,6,8,9,9,6,7,8,9,8,6,7,8,10,9,7,7,8,12,9,6,7,7,7,7,8,9,5,5,5,7,6,6,7,6,7,5,7,7,5,6,7,7,9,6,7,6,7,8,9,8,9,10,11,8,16,7,7,11,2
Mieses Opening,2,2,2,5,3,3,5,3,0,1,2,2,2,2,2,2,3,3,3,2,2,3,3,3,3,3,3,3,3,5,5,4,4,2,3,3,3,3,3,4,2,3,4,3,4,3,2,3,3,2,5,7,4,4,3,5,4,5,6,5,3,6,3,3,2,3,5,6,6,3,3,4,3,3,7,5,7,7,5,3,5,5,7,6,8,8,3,4,4,6,6,8,6,9,3,4,4,4,4,4,11,4,6,5,6,5,7,6,10,5,10,11,11,4,4,4,4,4,4,4,6,5,6,8,6,8,10,7,8,4,4,4,4,5,6,7,8,4,5,5,5,4,5,5,5,6,6,4,5,4,5,5,5,5,7,5,5,6,7,6,8,9,9,6,7,8,9,8,6,7,8,10,9,7,7,8,12,9,6,7,7,7,7,8,9,4,4,4,6,5,5,6,5,6,4,6,6,4,5,6,6,8,5,6,5,6,7,8,7,8,9,10,7,15,6,6,10,1
Mieses Opening: Reversed Rat,3,3,3,6,3,3,6,3,1,0,3,3,2,1,3,3,3,3,3,2,1,2,3,3,4,3,3,3,3,6,6,5,4,2,2,2,2,2,2,3,1,2,3,2,3,2,1,2,2,2,5,7,4,3,2,5,4,5,6,5,2,5,3,4,3,3,5,6,6,3,4,5,4,3,7,5,7,7,5,3,5,5,8,7,9,9,3,4,4,6,6,8,6,9,3,4,4,4,4,4,11,4,6,5,6,5,7,6,10,5,10,11,11,5,5,5,5,4,5,5,7,4,7,9,7,9,11,8,9,4,4,4,4,5,7,8,9,4,5,5,5,3,4,4,4,5,5,4,5,4,5,5,5,5,7,5,5,6,7,6,8,9,9,6,7,8,9,8,6,7,8,10,9,7,7,8,12,9,6,7,7,7,7,8,9,4,4,4,6,6,5,6,5,6,4,6,6,4,5,6,6,8,5,6,5,6,7,8,7,8,9,10,7,15,6,6,10,2
Polish Opening,2,2,2,5,3,3,5,3,2,3,0,2,2,3,2,2,3,3,3,2,3,3,3,3,3,3,3,3,3,5,5,4,4,2,3,3,3,3,3,4,3,4,5,3,4,3,3,3,3,2,5,7,4,4,3,5,4,5,6,5,3,6,3,3,2,3,5,6,6,3,3,4,3,3,7,5,7,7,5,3,5,5,7,6,8,8,3,4,4,6,6,8,6,9,3,4,4,4,4,4,11,4,6,5,6,5,7,6,10,5,10,11,11,4,4,4,4,4,4,4,6,5,6,8,6,8,10,7,8,4,4,4,4,5,6,7,8,4,5,5,5,4,5,5,5,6,6,4,5,4,5,5,5,5,7,5,5,6,7,6,8,9,9,6,7,8,9,8,6,7,8,10,9,7,7,8,12,9,6,7,7,7,7,8,9,4,4,4,6,5,5,6,5,6,4,6,6,4,5,6,6,8,5,6,5,6,7,8,7,8,9,10,7,15,6,6,10,1
Saragossa Opening,2,2,2,5,3,3,5,3,2,3,2,0,2,3,2,2,3,3,3,2,3,3,3,3,3,3,3,3,3,5,5,4,4,2,3,3,3,3,3,4,3,4,5,3,4,3,3,3,3,2,5,7,4,4,3,5,4,5,6,5,3,6,3,3,2,3,5,6,6,3,3,4,3,3,7,5,7,7,5,3,5,5,7,6,8,8,3,4,4,6,6,8,6,9,3,4,4,4,4,4,11,4,6,5,6,5,7,6,10,5,10,11,11,4,4,4,4,4,4,4,6,5,6,8,6,8,10,7,8,4,4,4,4,5,6,7,8,4,5,5,5,4,5,5,5,6,6,4,5,4,5,5,5,5,7,5,5,6,7,6,8,9,9,6,7,8,9,8,6,7,8,10,9,7,7,8,12,9,6,7,7,7,7,8,9,4,4,4,6,5,5,6,5,6,4,6,6,4,5,6,6,8,5,6,5,6,7,8,7,8,9,10,7,15,6,6,10,1
Van Geet Opening,2,2,2,5,3,3,5,3,2,2,2,2,0,1,2,2,3,3,3,2,2,3,3,3,3,3,3,3,3,5,5,4,4,2,3,3,3,3,3,4,2,3,4,3,4,3,2,3,3,2,5,7,4,4,3,5,4,5,6,5,3,6,3,3,2,3,5,6,6,3,3,4,3,3,7,5,7,7,5,3,5,5,7,6,8,8,3,4,4,6,6,8,6,9,3,4,4,4,4,4,11,4,6,5,6,5,7,6,10,5,10,11,11,4,4,4,4,4,4,4,6,5,6,8,6,8,10,7,8,4,4,4,4,5,6,7,8,4,5,5,5,4,5,5,5,6,6,4,5,4,5,5,5,5,7,5,5,6,7,6,8,9,9,6,7,8,9,8,6,7,8,10,9,7,7,8,12,9,6,7,7,7,7,8,9,4,4,4,6,5,5,6,5,6,4,6,6,4,5,6,6,8,5,6,5,6,7,8,7,8,9,10,7,15,6,6,10,1
Van Geet Opening: Reversed Nimzowitsch,3,3,3,6,3,3,6,3,2,1,3,3,1,0,3,3,3,3,3,2,1,2,3,3,4,3,3,3,3,6,6,5,4,2,2,2,2,2,2,3,1,2,3,2,3,2,1,2,2,2,5,7,4,3,2,5,4,5,6,5,2,5,3,4,3,3,5,6,6,3,4,5,4,3,7,5,7,7,5,3,5,5,8,7,9,9,3,4,4,6,6,8,6,9,3,4,4,4,4,4,11,4,6,5,6,5,7,6,10,5,10,11,11,5,5,5,5,4,5,5,7,4,7,9,7,9,11,8,9,4,4,4,4,5,7,8,9,4,5,5,5,3,4,4,4,5,5,4,5,4,5,5,5,5,7,5,5,6,7,6,8,9,9,6,7,8,9,8,6,7,8,10,9,7,7,8,12,9,6,7,7,7,7,8,9,4,4,4,6,6,5,6,5,6,4,6,6,4,5,6,6,8,5,6,5,6,7,8,7,8,9,10,7,15,6,6,10,2
Van't Kruijs Opening,2,2,2,5,3,3,5,3,2,3,2,2,2,3,0,2,3,3,3,2,3,3,3,3,3,3,3,3,3,5,5,4,4,2,3,3,3,3,3,4,3,4,5,3,4,3,3,3,3,2,5,7,4,4,3,5,4,5,6,5,3,6,3,3,2,3,5,6,6,3,3,4,3,3,7,5,7,7,5,3,5,5,7,6,8,8,3,4,4,6,6,8,6,9,3,4,4,4,4,4,11,4,6,5,6,5,7,6,10,5,10,11,11,4,4,4,4,4,4,4,6,5,6,8,6,8,10,7,8,4,4,4,4,5,6,7,8,4,5,5,5,4,5,5,5,6,6,4,5,4,5,5,5,5,7,5,5,6,7,6,8,9,9,6,7,8,9,8,6,7,8,10,9,7,7,8,12,9,6,7,7,7,7,8,9,4,4,4,6,5,5,6,5,6,4,6,6,4,5,6,6,8,5,6,5,6,7,8,7,8,9,10,7,15,6,6,10,1
Nimzo-Larsen Attack,2,2,2,5,2,2,5,3,2,3,2,2,2,3,2,0,1,1,1,2,3,2,3,3,3,3,3,2,3,5,5,4,3,2,2,3,3,3,2,3,3,4,5,2,3,3,3,3,3,2,5,7,4,3,2,5,4,5,6,5,3,6,3,3,2,3,5,6,6,3,3,4,3,2,6,4,6,6,4,2,4,4,7,6,8,8,3,4,4,6,6,8,6,9,2,3,3,3,3,3,10,3,5,4,5,4,6,5,9,4,9,10,10,4,4,4,4,4,4,4,6,5,6,8,6,8,10,7,8,4,4,4,4,5,6,7,8,4,5,5,5,4,5,5,5,6,6,4,5,4,5,5,5,5,7,5,5,6,7,6,8,9,9,6,7,8,9,8,6,7,8,10,9,7,7,8,12,9,6,7,7,7,7,8,9,4,4,4,6,5,5,6,5,6,4,6,6,4,5,6,6,8,5,6,5,6,7,8,7,8,9,10,7,15,6,6,10,1
Nimzo-Larsen Attack: Classical Variation,3,3,3,6,2,2,6,3,3,3,3,3,3,3,3,1,0,1,1,2,2,1,3,3,3,3,3,2,3,6,6,5,2,2,1,2,2,2,2,3,2,3,4,2,3,3,3,3,3,3,6,8,5,3,2,5,5,6,7,6,3,6,2,2,2,2,4,5,5,2,2,3,2,1,5,3,5,5,3,2,4,4,7,6,8,7,2,3,3,5,5,7,5,8,2,3,3,3,3,3,10,3,5,4,5,4,6,5,9,4,9,10,10,4,3,4,4,4,4,4,5,5,6,8,6,8,10,7,8,4,4,4,4,5,6,7,8,4,5,5,5,4,5,5,5,6,6,4,4,3,4,4,4,4,6,4,4,5,6,5,7,8,8,5,6,7,8,7,5,6,7,9,8,6,6,7,11,8,5,6,6,6,6,7,8,4,4,4,7,6,4,5,4,5,3,5,5,4,5,6,6,8,5,6,5,6,7,9,7,9,9,10,8,16,7,7,11,2
Nimzo-Larsen Attack: English Variation,3,3,2,5,2,1,5,2,3,3,3,3,3,3,3,1,1,0,1,3,3,2,2,2,2,2,2,1,2,6,6,5,3,2,2,2,2,2,2,3,2,3,4,1,2,2,2,2,2,2,5,7,4,2,1,5,4,5,6,5,2,5,2,2,2,2,4,5,5,2,2,3,2,2,6,4,6,6,4,2,4,4,7,6,8,7,2,3,3,5,5,7,5,8,1,2,2,2,2,2,9,2,4,3,4,3,5,4,8,3,8,9,9,4,4,3,3,3,3,4,6,4,5,7,5,7,9,6,7,3,4,4,4,5,6,7,8,3,4,4,4,3,4,4,4,5,5,3,5,4,5,5,5,5,7,5,4,5,6,5,7,8,8,5,6,7,8,7,5,6,7,9,8,6,6,7,11,8,5,6,6,6,6,7,8,4,4,4,6,6,5,6,5,6,4,6,6,4,5,6,6,8,5,6,5,6,7,8,7,8,9,10,7,15,6,6,10,2
Nimzo-Larsen Attack: Indian Variation,3,3,2,5,1,2,5,2,3,3,3,3,3,3,3,1,1,1,0,3,3,2,3,3,3,3,3,2,3,6,6,5,3,2,2,2,2,2,1,2,2,3,4,2,3,3,3,3,3,3,6,8,5,3,2,4,5,6,7,6,3,6,2,2,2,2,4,5,5,2,2,3,2,2,6,4,6,6,4,1,3,3,7,6,8,7,2,3,3,5,5,7,5,8,2,3,3,3,3,3,10,3,5,4,5,4,6,5,9,4,9,10,10,4,4,4,4,4,4,4,6,5,6,8,6,8,10,7,8,4,4,4,4,5,6,7,8,4,5,5,5,4,5,5,5,6,6,4,5,4,5,5,5,5,7,5,5,6,7,6,8,9,9,6,7,8,9,8,6,7,8,10,9,7,7,8,12,9,6,7,7,7,7,8,9,5,5,5,7,6,5,6,5,6,4,6,6,5,6,7,7,9,6,7,6,7,8,9,8,9,10,11,8,16,7,7,11,2
Bird Opening,2,2,2,5,3,3,5,3,2,2,2,2,2,2,2,2,2,3,3,0,1,1,3,3,3,3,3,3,3,5,5,4,3,2,2,3,3,3,3,4,2,3,4,3,4,3,2,3,3,2,5,7,4,4,3,5,4,5,6,5,3,6,3,3,2,3,5,6,6,3,3,4,3,2,6,4,6,6,4,3,5,5,7,6,8,8,3,4,4,6,6,8,6,9,3,4,4,4,4,4,11,4,6,5,6,5,7,6,10,5,10,11,11,4,4,4,4,4,4,4,6,5,6,8,6,8,10,7,8,4,4,4,4,5,6,7,8,4,5,5,5,4,5,5,5,6,6,4,5,4,5,5,5,5,7,5,5,6,7,6,8,9,9,6,7,8,9,8,6,7,8,10,9,7,7,8,12,9,6,7,7,7,7,8,9,4,4,4,6,5,5,6,5,6,4,6,6,4,5,6,6,8,5,6,5,6,7,8,7,8,9,10,7,15,6,6,10,1
Bird Opening: From's Gambit,3,3,3,6,3,3,6,3,2,1,3,3,2,1,3,3,2,3,3,1,0,1,3,3,4,3,3,3,3,6,6,5,3,2,2,2,2,2,2,3,1,2,3,2,3,2,1,2,2,2,5,7,4,3,2,5,4,5,6,5,2,5,3,3,3,3,5,6,6,3,3,4,3,2,6,4,6,6,4,3,5,5,8,7,9,8,3,4,4,6,6,8,6,9,3,4,4,4,4,4,11,4,6,5,6,5,7,6,10,5,10,11,11,5,4,5,5,4,5,5,6,4,7,9,7,9,11,8,9,4,4,4,4,5,7,8,9,4,5,5,5,3,4,4,4,5,5,4,5,4,5,5,5,5,7,5,5,6,7,6,8,9,9,6,7,8,9,8,6,7,8,10,9,7,7,8,12,9,6,7,7,7,7,8,9,4,4,4,6,6,5,6,5,6,4,6,6,4,5,6,6,8,5,6,5,6,7,8,7,8,9,10,7,15,6,6,10,2
Bird Opening: Dutch Variation,3,3,3,6,3,3,6,3,3,2,3,3,3,2,3,2,1,2,2,1,1,0,3,3,3,3,3,3,3,6,6,5,2,2,1,2,2,2,2,3,2,3,4,2,3,3,2,3,3,3,6,8,5,4,3,5,5,6,7,6,3,6,2,2,2,2,4,5,5,2,2,3,2,1,5,3,5,5,3,2,4,4,7,6,8,7,2,3,3,5,5,7,5,8,2,3,3,3,3,3,10,3,5,4,5,4,6,5,9,4,9,10,10,4,3,4,4,4,4,4,5,5,6,8,6,8,10,7,8,4,4,4,4,5,6,7,8,4,5,5,5,4,5,5,5,6,6,4,4,3,4,4,4,4,6,4,4,5,6,5,7,8,8,5,6,7,8,7,5,6,7,9,8,6,6,7,11,8,5,6,6,6,6,7,8,4,4,4,7,6,4,5,4,5,3,5,5,4,5,6,6,8,5,6,5,6,7,9,7,9,9,10,8,16,7,7,11,2
Zukertort Opening: Black Mustang Defense,3,3,3,6,3,2,6,2,3,3,3,3,3,3,3,3,3,2,3,3,3,3,0,1,1,1,1,1,1,6,6,5,3,3,3,2,2,2,3,4,3,4,5,2,3,2,2,2,1,2,5,7,4,3,2,5,4,5,6,5,2,5,2,2,2,1,3,4,4,2,2,3,2,2,6,4,6,6,4,2,4,4,7,6,8,7,2,3,3,5,5,7,5,8,2,3,3,3,3,3,10,3,5,4,5,4,6,5,9,4,9,10,10,4,4,4,4,4,4,4,6,4,6,8,5,7,9,7,8,4,4,4,4,5,6,7,8,4,5,5,5,4,5,5,5,6,6,4,5,4,5,5,5,5,7,5,5,6,7,6,8,9,9,6,7,8,9,8,6,7,8,10,9,7,7,8,12,9,6,7,7,7,7,8,9,4,4,4,6,6,5,6,5,6,4,6,6,4,5,6,6,8,5,6,5,6,7,8,7,8,9,10,7,15,6,6,10,2
Zukertort Opening: Kingside Fianchetto,3,3,2,5,2,2,5,1,3,3,3,3,3,3,3,3,3,2,3,3,3,3,1,0,1,1,1,1,1,6,6,5,4,2,2,1,2,2,2,3,2,3,4,2,3,2,3,2,2,3,6,8,5,3,2,6,5,6,7,6,3,6,3,3,3,2,4,5,5,2,2,3,3,3,7,5,7,7,5,3,5,5,8,7,9,7,2,3,3,5,5,7,5,8,2,3,3,3,3,3,10,3,5,4,5,4,6,5,9,4,9,10,10,4,5,4,4,4,4,5,7,4,6,8,6,8,10,7,8,4,4,5,5,6,7,8,9,4,5,5,5,4,5,5,5,6,6,4,6,5,6,6,6,6,8,6,5,6,7,6,8,9,9,6,7,8,9,8,6,7,8,10,9,7,7,8,12,9,6,7,7,7,7,8,9,5,5,5,7,6,6,7,6,7,5,7,7,5,6,7,7,9,6,7,6,7,8,9,8,9,10,11,8,16,7,7,11,2
Zukertort Opening: Pirc Invitation,3,3,3,6,3,2,6,2,3,4,3,3,3,4,3,3,3,2,3,3,4,3,1,1,0,1,1,1,1,6,6,5,3,3,3,2,2,2,3,4,3,4,5,2,3,2,3,2,2,3,6,8,5,3,2,5,5,6,7,6,3,6,2,2,2,2,4,5,5,2,1,2,2,2,6,4,6,6,4,2,4,4,7,6,8,6,2,3,3,5,5,7,5,8,2,3,3,3,3,3,10,3,5,4,5,4,6,5,9,4,9,10,10,4,4,3,4,4,4,4,6,4,6,8,6,8,10,7,8,4,4,4,4,5,6,7,8,4,5,5,5,4,5,5,5,6,6,3,5,4,5,5,5,5,7,5,5,6,7,6,8,9,9,6,7,8,9,8,6,7,8,10,9,7,7,8,12,9,6,7,7,7,7,8,9,5,5,5,7,6,5,6,5,6,4,6,6,5,6,7,7,9,6,7,6,7,8,9,8,9,10,11,8,16,7,7,11,2
Zukertort Opening: Queen's Gambit Invitation,3,3,3,6,3,2,6,2,3,3,3,3,3,3,3,3,3,2,3,3,3,3,1,1,1,0,1,1,1,6,6,5,4,2,2,2,2,1,2,3,2,3,4,2,3,2,2,1,2,2,5,7,4,3,2,5,4,5,6,5,2,5,3,3,3,2,4,5,5,2,2,3,3,3,7,5,7,7,5,3,5,5,8,7,9,7,2,3,3,5,5,7,5,8,2,3,3,3,3,3,10,3,5,4,5,4,6,5,9,4,9,10,10,4,5,4,4,4,4,5,7,3,6,8,6,8,10,7,8,4,4,5,5,6,7,8,9,4,5,5,5,4,5,5,5,6,6,4,6,5,6,6,6,6,8,6,5,6,7,6,8,9,9,6,7,8,9,8,6,7,8,10,9,7,7,8,12,9,6,7,7,7,7,8,9,4,4,4,6,6,5,6,5,6,4,6,6,4,5,6,6,8,5,6,5,6,7,8,7,8,9,10,7,15,6,6,10,2
Zukertort Opening: Queenside Fianchetto Variation,3,3,3,6,3,2,6,2,3,3,3,3,3,3,3,3,3,2,3,3,3,3,1,1,1,1,0,1,1,6,6,5,3,3,3,2,2,2,3,4,3,4,5,2,3,1,2,2,2,2,5,7,4,3,2,5,4,5,6,5,2,5,2,2,2,2,4,5,5,1,2,3,2,2,6,4,6,6,4,2,4,4,7,6,8,7,2,3,3,5,5,7,5,8,2,3,3,3,3,3,10,3,5,4,5,4,6,5,9,4,9,10,10,4,4,4,4,4,4,4,6,4,6,8,6,8,10,7,8,4,4,4,4,5,6,7,8,4,5,5,5,4,5,5,5,6,6,4,5,4,5,5,5,5,7,5,5,6,7,6,8,9,9,6,7,8,9,8,6,7,8,10,9,7,7,8,12,9,6,7,7,7,7,8,9,4,4,4,6,6,5,6,5,6,4,6,6,4,5,6,6,8,5,6,5,6,7,8,7,8,9,10,7,15,6,6,10,2
Zukertort Opening: Sicilian Invitation,3,3,2,5,2,1,5,2,3,3,3,3,3,3,3,2,2,1,2,3,3,3,1,1,1,1,1,0,1,6,6,5,3,2,2,2,2,2,2,3,2,3,4,1,2,2,2,2,2,2,5,7,4,2,1,5,4,5,6,5,2,5,2,2,2,2,4,5,5,2,2,3,2,2,6,4,6,6,4,2,4,4,7,6,8,7,2,3,3,5,5,7,5,8,1,2,2,2,2,2,9,2,4,3,4,3,5,4,8,3,8,9,9,4,4,3,3,3,3,4,6,4,5,7,5,7,9,6,7,3,4,4,4,5,6,7,8,3,4,4,4,3,4,4,4,5,5,3,5,4,5,5,5,5,7,5,4,5,6,5,7,8,8,5,6,7,8,7,5,6,7,9,8,6,6,7,11,8,5,6,6,6,6,7,8,4,4,4,6,6,5,6,5,6,4,6,6,4,5,6,6,8,5,6,5,6,7,8,7,8,9,10,7,15,6,6,10,2
Zukertort Opening: Slav Invitation,3,3,3,6,3,2,6,2,3,3,3,3,3,3,3,3,3,2,3,3,3,3,1,1,1,1,1,1,0,6,6,5,3,2,2,2,1,2,2,3,2,3,4,2,3,2,3,2,2,3,6,8,5,3,2,5,5,6,7,6,3,6,2,2,2,2,4,5,5,2,2,3,2,2,6,4,6,6,4,2,4,4,7,6,8,7,1,2,2,4,4,6,4,7,2,3,3,3,3,3,10,3,5,4,5,4,6,5,9,4,9,10,10,3,4,4,4,4,4,4,6,4,5,7,5,7,9,7,8,4,3,4,4,5,6,7,8,3,4,4,4,4,5,5,5,6,6,4,5,4,5,5,5,5,7,5,5,6,7,6,8,9,9,6,7,8,9,8,6,7,8,10,9,7,7,8,12,9,6,7,7,7,7,8,9,5,5,5,7,6,5,6,5,6,4,6,6,5,6,7,7,9,6,7,6,7,8,9,8,9,10,11,8,16,7,7,11,2
King's Indian Attack,5,5,5,8,6,6,8,6,5,6,5,5,5,6,5,5,6,6,6,5,6,6,6,6,6,6,6,6,6,0,1,7,7,5,6,6,6,6,6,7,6,7,8,6,7,6,6,6,6,5,8,10,7,7,6,8,7,8,9,8,6,9,6,6,5,6,8,9,9,6,6,7,6,6,10,8,10,10,8,6,8,8,10,9,11,11,6,7,7,9,9,11,9,12,6,7,7,7,7,7,14,7,9,8,9,8,10,9,13,8,13,14,14,7,7,7,7,7,7,7,9,8,9,11,9,11,13,10,11,7,7,7,7,8,9,10,11,7,8,8,8,7,8,8,8,9,9,7,8,7,8,8,8,8,10,8,8,9,10,9,11,12,12,9,10,11,12,11,9,10,11,13,12,10,10,11,15,12,9,10,10,10,10,11,12,7,7,7,9,8,8,9,8,9,7,9,9,7,8,9,9,11,8,9,8,9,10,11,10,11,12,13,10,18,9,9,13,4
King's Indian Attack: Symmetrical Defense,5,5,5,8,6,6,8,6,5,6,5,5,5,6,5,5,6,6,6,5,6,6,6,6,6,6,6,6,6,1,0,7,7,5,6,6,6,6,6,7,6,7,8,6,7,6,6,6,6,5,8,10,7,7,6,8,7,8,9,8,6,9,6,6,5,6,8,9,9,6,6,7,6,6,10,8,10,10,8,6,8,8,10,9,11,11,6,7,7,9,9,11,9,12,6,7,7,7,7,7,14,7,9,8,9,8,10,9,13,8,13,14,14,7,7,7,7,7,7,7,9,8,9,11,9,11,13,10,11,7,7,7,7,8,9,10,11,7,8,8,8,7,8,8,8,9,9,7,8,7,8,8,8,8,10,8,8,9,10,9,11,12,12,9,10,11,12,11,9,10,11,13,12,10,10,11,15,12,9,10,10,10,10,11,12,7,7,7,9,8,8,9,8,9,7,9,9,7,8,9,9,11,8,9,8,9,10,11,10,11,12,13,10,18,9,9,13,4
Zukertort Opening: Old Indian Attack,4,4,4,7,5,5,7,5,4,5,4,4,4,5,4,4,5,5,5,4,5,5,5,5,5,5,5,5,5,7,7,0,6,4,5,5,5,5,5,6,5,6,7,5,6,5,5,5,5,4,7,9,6,6,5,7,6,7,8,7,5,8,5,5,4,5,7,8,8,5,5,6,5,5,9,7,9,9,7,5,7,7,9,8,10,10,5,6,6,8,8,10,8,11,5,6,6,6,6,6,13,6,8,7,8,7,9,8,12,7,12,13,13,6,6,6,6,6,6,6,8,7,8,10,8,10,12,9,10,6,6,6,6,7,8,9,10,6,7,7,7,6,7,7,7,8,8,6,7,6,7,7,7,7,9,7,7,8,9,8,10,11,11,8,9,10,11,10,8,9,10,12,11,9,9,10,14,11,8,9,9,9,9,10,11,6,6,6,8,7,7,8,7,8,6,8,8,6,7,8,8,10,7,8,7,8,9,10,9,10,11,12,9,17,8,8,12,3
Zukertort Opening: Tennison Gambit,4,4,4,7,3,3,7,4,4,4,4,4,4,4,4,3,2,3,3,3,3,2,3,4,3,4,3,3,3,7,7,6,0,3,2,3,3,3,3,4,3,3,4,3,4,3,4,4,3,3,6,8,3,4,3,5,3,6,7,6,3,6,2,2,2,2,4,5,5,2,2,3,2,1,5,3,5,5,3,2,4,4,7,6,8,7,2,3,3,5,5,7,5,8,2,3,3,3,3,3,10,3,5,4,4,3,5,4,8,4,9,10,10,2,1,2,2,2,2,2,3,6,4,6,4,6,8,5,6,2,2,2,2,3,6,7,8,2,3,3,3,2,3,3,3,4,4,2,2,1,2,2,2,2,4,2,2,3,4,3,5,6,6,3,4,5,6,5,3,4,5,7,6,4,4,5,9,6,3,4,4,4,4,5,6,2,2,2,7,7,2,3,2,3,1,3,3,2,3,4,4,6,3,4,3,4,5,9,5,9,7,8,8,16,7,7,11,3
English Opening,2,2,2,5,2,2,5,2,2,2,2,2,2,2,2,2,2,2,2,2,2,2,3,2,3,2,3,2,2,5,5,4,3,0,1,1,1,1,1,2,1,2,3,1,2,3,2,2,3,2,5,7,4,3,2,5,4,5,6,5,3,6,3,3,2,3,5,6,6,3,3,4,3,2,6,4,6,6,4,2,4,4,7,6,8,8,2,3,3,5,5,7,5,8,2,3,3,3,3,3,10,3,5,4,5,4,6,5,9,4,9,10,10,4,4,4,4,4,4,4,6,4,6,8,6,8,10,7,8,4,4,4,4,5,6,7,8,4,5,5,5,3,4,4,4,5,5,4,5,4,5,5,5,5,7,5,5,6,7,6,8,9,9,6,7,8,9,8,6,7,8,10,9,7,7,8,12,9,6,7,7,7,7,8,9,4,4,4,6,5,5,6,5,6,4,6,6,4,5,6,6,8,5,6,5,6,7,8,7,8,9,10,7,15,6,6,10,1
English Opening: Anglo-Scandinavian Defense,3,3,3,6,2,2,6,2,3,2,3,3,3,2,3,2,1,2,2,2,2,1,3,2,3,2,3,2,2,6,6,5,2,1,0,1,1,1,1,2,1,2,3,1,2,3,2,2,3,3,6,8,5,3,2,5,5,6,7,6,3,6,2,2,2,2,4,5,5,2,2,3,2,1,5,3,5,5,3,2,4,4,7,6,8,7,2,3,3,5,5,7,5,8,2,3,3,3,3,3,10,3,5,4,5,4,6,5,9,4,9,10,10,4,3,4,4,4,4,4,5,4,6,8,6,8,10,7,8,4,4,4,4,5,6,7,8,4,5,5,5,3,4,4,4,5,5,4,4,3,4,4,4,4,6,4,4,5,6,5,7,8,8,5,6,7,8,7,5,6,7,9,8,6,6,7,11,8,5,6,6,6,6,7,8,4,4,4,7,6,4,5,4,5,3,5,5,4,5,6,6,8,5,6,5,6,7,9,7,9,9,10,8,16,7,7,11,2
English Opening: Great Snake Variation,3,3,2,5,2,2,5,1,3,2,3,3,3,2,3,3,2,2,2,3,2,2,2,1,2,2,2,2,2,6,6,5,3,1,1,0,1,1,1,2,1,2,3,1,2,3,2,2,3,3,6,8,5,3,2,5,5,6,7,6,3,6,3,3,3,3,5,6,6,3,3,4,3,2,6,4,6,6,4,2,4,4,8,7,9,8,2,3,3,5,5,7,5,8,2,3,3,3,3,3,10,3,5,4,5,4,6,5,9,4,9,10,10,4,4,4,4,4,4,5,6,4,6,8,6,8,10,7,8,4,4,4,4,5,7,8,9,4,5,5,5,3,4,4,4,5,5,4,5,4,5,5,5,5,7,5,5,6,7,6,8,9,9,6,7,8,9,8,6,7,8,10,9,7,7,8,12,9,6,7,7,7,7,8,9,5,5,5,7,6,5,6,5,6,4,6,6,5,6,7,7,9,6,7,6,7,8,9,8,9,10,11,8,16,7,7,11,2
English Opening: Caro-Kann Defensive System,3,3,3,6,2,2,6,2,3,2,3,3,3,2,3,3,2,2,2,3,2,2,2,2,2,2,2,2,1,6,6,5,3,1,1,1,0,1,1,2,1,2,3,1,2,3,2,2,3,3,6,8,5,3,2,5,5,6,7,6,3,6,2,2,2,2,4,5,5,2,2,3,2,2,6,4,6,6,4,2,4,4,7,6,8,7,1,2,2,4,4,6,4,7,2,3,3,3,3,3,10,3,5,4,5,4,6,5,9,4,9,10,10,3,4,4,4,4,4,4,6,4,5,7,5,7,9,7,8,4,3,4,4,5,6,7,8,3,4,4,4,3,4,4,4,5,5,4,5,4,5,5,5,5,7,5,5,6,7,6,8,9,9,6,7,8,9,8,6,7,8,10,9,7,7,8,12,9,6,7,7,7,7,8,9,5,5,5,7,6,5,6,5,6,4,6,6,5,6,7,7,9,6,7,6,7,8,9,8,9,10,11,8,16,7,7,11,2
English Opening: Agincourt Defense,3,3,3,6,2,2,6,2,3,2,3,3,3,2,3,3,2,2,2,3,2,2,2,2,2,1,2,2,2,6,6,5,3,1,1,1,1,0,1,2,1,2,3,1,2,2,2,1,2,2,5,7,4,3,2,5,4,5,6,5,2,5,3,3,3,3,5,6,6,3,3,4,3,2,6,4,6,6,4,2,4,4,8,7,9,8,2,3,3,5,5,7,5,8,2,3,3,3,3,3,10,3,5,4,5,4,6,5,9,4,9,10,10,4,4,4,4,4,4,5,6,3,6,8,6,8,10,7,8,4,4,4,4,5,7,8,9,4,5,5,5,3,4,4,4,5,5,4,5,4,5,5,5,5,7,5,5,6,7,6,8,9,9,6,7,8,9,8,6,7,8,10,9,7,7,8,12,9,6,7,7,7,7,8,9,4,4,4,6,6,5,6,5,6,4,6,6,4,5,6,6,8,5,6,5,6,7,8,7,8,9,10,7,15,6,6,10,2
English Opening: Anglo-Indian Defense,3,3,2,5,1,2,5,2,3,2,3,3,3,2,3,2,2,2,1,3,2,2,3,2,3,2,3,2,2,6,6,5,3,1,1,1,1,1,0,1,1,2,3,1,2,3,2,2,3,3,6,8,5,3,2,4,5,6,7,6,3,6,2,2,2,2,4,5,5,2,2,3,2,2,6,4,6,6,4,1,3,3,7,6,8,7,2,3,3,5,5,7,5,8,2,3,3,3,3,3,10,3,5,4,5,4,6,5,9,4,9,10,10,4,4,4,4,4,4,4,6,4,6,8,6,8,10,7,8,4,4,4,4,5,6,7,8,4,5,5,5,3,4,4,4,5,5,4,5,4,5,5,5,5,7,5,5,6,7,6,8,9,9,6,7,8,9,8,6,7,8,10,9,7,7,8,12,9,6,7,7,7,7,8,9,5,5,5,7,6,5,6,5,6,4,6,6,5,6,7,7,9,6,7,6,7,8,9,8,9,10,11,8,16,7,7,11,2
"English Opening: Anglo-Indian Defense, Queen's Knight Variation",4,4,3,6,2,3,6,3,4,3,4,4,4,3,4,3,3,3,2,4,3,3,4,3,4,3,4,3,3,7,7,6,4,2,2,2,2,2,1,0,2,1,2,2,1,4,3,3,4,4,7,9,6,4,3,5,6,7,8,7,4,7,3,3,3,3,5,6,6,3,3,4,3,3,7,5,7,7,5,2,4,4,8,7,9,8,3,4,4,6,6,8,6,9,3,3,3,3,3,3,11,2,4,5,6,5,7,6,10,5,10,11,11,4,4,4,4,3,4,4,6,5,6,8,6,8,10,7,8,3,3,3,3,4,7,8,9,3,4,4,4,2,3,3,3,4,4,3,4,3,4,4,4,4,6,4,4,5,6,5,7,8,8,5,6,7,8,7,5,6,7,9,8,6,6,7,11,8,5,6,6,6,6,7,8,6,6,6,8,7,6,7,6,7,5,7,7,6,7,8,8,10,7,8,7,8,9,10,9,10,11,12,9,17,8,8,12,3
English Opening: King's English Variation,3,3,3,6,2,2,6,2,2,1,3,3,2,1,3,3,2,2,2,2,1,2,3,2,3,2,3,2,2,6,6,5,3,1,1,1,1,1,1,2,0,1,2,1,2,2,1,2,2,2,5,7,4,3,2,5,4,5,6,5,2,5,3,3,3,3,5,6,6,3,3,4,3,2,6,4,6,6,4,2,4,4,8,7,9,8,2,3,3,5,5,7,5,8,2,3,3,3,3,3,10,3,5,4,5,4,6,5,9,4,9,10,10,4,4,4,4,3,4,4,6,4,6,8,6,8,10,7,8,3,3,3,3,4,7,8,9,3,4,4,4,2,3,3,3,4,4,3,4,3,4,4,4,4,6,4,4,5,6,5,7,8,8,5,6,7,8,7,5,6,7,9,8,6,6,7,11,8,5,6,6,6,6,7,8,4,4,4,6,6,5,6,5,6,4,6,6,4,5,6,6,8,5,6,5,6,7,8,7,8,9,10,7,15,6,6,10,2
"English Opening: King's English Variation, Reversed Sicilian",4,4,4,7,3,3,7,3,3,2,4,4,3,2,4,4,3,3,3,3,2,3,4,3,4,3,4,3,3,7,7,6,3,2,2,2,2,2,2,1,1,0,1,2,1,3,2,3,3,3,6,8,5,4,3,6,5,6,7,6,3,6,4,4,3,4,6,7,6,4,4,3,4,3,7,5,7,7,5,3,5,5,8,7,9,9,3,3,3,6,6,8,6,9,3,3,3,3,3,3,11,2,4,5,5,4,6,5,9,5,10,11,11,3,3,3,3,2,3,3,5,5,5,7,5,7,9,6,7,2,2,2,2,3,7,8,9,2,3,3,3,1,2,2,2,3,3,2,3,2,3,3,3,3,5,3,3,4,5,4,6,7,7,4,5,6,7,6,4,5,6,8,7,5,5,6,10,7,4,5,5,5,5,6,7,5,5,5,7,7,5,6,5,6,4,6,6,5,6,7,7,9,6,7,6,7,8,9,8,9,10,11,8,16,7,7,11,3
"English Opening: King's English Variation, Two Knights Variation",5,5,5,8,4,4,8,4,4,3,5,5,4,3,5,5,4,4,4,4,3,4,5,4,5,4,5,4,4,8,8,7,4,3,3,3,3,3,3,2,2,1,0,3,2,4,3,4,4,4,7,9,6,5,4,7,6,7,8,7,4,7,5,5,4,5,6,8,7,5,5,4,5,4,8,6,8,8,6,4,6,6,9,8,10,10,4,4,4,7,7,9,7,10,4,4,4,4,4,4,11,3,5,5,5,4,6,5,9,5,10,11,12,4,4,4,4,3,4,4,6,6,6,8,6,8,10,7,8,3,3,3,3,2,8,9,10,3,3,3,2,2,2,2,1,2,2,3,3,3,3,3,3,3,5,2,3,4,5,4,6,7,7,4,5,6,7,6,4,5,6,8,7,5,5,6,10,7,4,5,5,5,5,6,7,6,6,6,8,8,6,7,6,7,5,7,7,6,7,8,8,10,7,8,7,8,9,10,9,10,11,12,9,17,8,8,12,4
English Opening: Symmetrical Variation,3,3,2,5,2,1,5,2,3,2,3,3,3,2,3,2,2,1,2,3,2,2,2,2,2,2,2,1,2,6,6,5,3,1,1,1,1,1,1,2,1,2,3,0,1,2,2,2,2,2,5,7,4,2,1,5,4,5,6,5,2,5,2,2,2,2,4,5,5,2,2,3,2,2,6,4,6,6,4,2,4,4,7,6,8,7,2,3,3,5,5,7,5,8,1,2,2,2,2,2,9,2,4,3,4,3,5,4,8,3,8,9,9,4,4,3,3,3,3,4,6,4,5,7,5,7,9,6,7,3,4,4,4,5,6,7,8,3,4,4,4,3,4,4,4,5,5,3,5,4,5,5,5,5,7,5,4,5,6,5,7,8,8,5,6,7,8,7,5,6,7,9,8,6,6,7,11,8,5,6,6,6,6,7,8,4,4,4,6,6,5,6,5,6,4,6,6,4,5,6,6,8,5,6,5,6,7,8,7,8,9,10,7,15,6,6,10,2
"English Opening: Symmetrical Variation, Normal Variation",4,4,3,6,3,2,6,3,4,3,4,4,4,3,4,3,3,2,3,4,3,3,3,3,3,3,3,2,3,7,7,6,4,2,2,2,2,2,2,1,2,1,2,1,0,3,3,3,3,3,6,8,5,3,2,6,5,6,7,6,3,6,3,3,3,3,5,6,6,3,3,3,3,3,7,5,7,7,5,3,5,5,8,7,9,8,3,4,3,6,6,8,6,9,2,2,2,2,2,2,10,1,3,4,5,4,6,5,9,4,9,10,10,3,3,3,3,2,3,3,5,5,5,7,5,7,9,6,7,3,3,3,3,4,7,8,9,3,4,4,4,2,3,3,3,4,4,3,4,3,4,4,4,4,6,4,4,5,6,5,7,8,8,5,6,7,8,7,5,6,7,9,8,6,6,7,11,8,5,6,6,6,6,7,8,5,5,5,7,7,6,7,6,7,5,7,7,5,6,7,7,9,6,7,6,7,8,9,8,9,10,11,8,16,7,7,11,3
English Defense,3,3,3,6,3,2,6,3,3,2,3,3,3,2,3,3,3,2,3,3,2,3,2,2,2,2,1,2,2,6,6,5,3,3,3,3,3,2,3,4,2,3,4,2,3,0,1,1,1,1,4,6,3,2,1,4,3,4,5,4,1,4,2,2,2,2,4,5,5,1,2,3,2,2,6,4,6,6,4,2,4,4,7,6,8,7,2,3,3,5,5,7,5,8,2,3,3,3,3,3,10,3,5,4,5,4,6,5,9,4,9,10,10,4,4,4,4,4,4,4,6,3,6,8,6,8,10,7,8,4,4,4,4,5,6,7,8,4,5,5,5,4,5,5,5,6,6,4,5,4,5,5,5,5,7,5,5,6,7,6,8,9,9,6,7,8,9,8,6,7,8,10,9,7,7,8,12,9,6,7,7,7,7,8,9,3,3,3,5,6,4,5,4,5,3,5,5,3,4,5,5,7,4,5,4,5,6,7,6,7,8,9,6,14,5,5,9,2
Englund Gambit,3,3,3,6,3,2,6,3,2,1,3,3,2,1,3,3,3,2,3,2,1,2,2,3,3,2,2,2,3,6,6,5,4,2,2,2,2,2,2,3,1,2,3,2,3,1,0,1,1,1,4,6,3,2,1,4,3,4,5,4,1,4,2,3,3,2,4,5,5,2,3,4,3,3,7,5,7,7,5,3,5,5,8,7,9,8,3,4,4,6,6,8,6,9,2,3,3,3,3,3,10,3,5,4,5,4,6,5,9,4,9,10,10,5,5,4,4,4,4,5,7,3,6,8,6,8,10,7,8,4,4,4,4,5,7,8,9,4,5,5,5,3,4,4,4,5,5,4,5,4,5,5,5,5,7,5,5,6,7,6,8,9,9,6,7,8,9,8,6,7,8,10,9,7,7,8,12,9,6,7,7,7,7,8,9,3,3,3,5,6,4,5,4,5,3,5,5,3,4,5,5,7,4,5,4,5,6,7,6,7,8,9,6,14,5,5,9,2
Horwitz Defense,3,3,3,6,3,2,6,3,3,2,3,3,3,2,3,3,3,2,3,3,2,3,2,2,2,1,2,2,2,6,6,5,4,2,2,2,2,1,2,3,2,3,4,2,3,1,1,0,1,1,4,6,3,2,1,4,3,4,5,4,1,4,2,3,3,2,4,5,5,2,3,4,3,3,7,5,7,7,5,3,5,5,8,7,9,8,3,4,4,6,6,8,6,9,2,3,3,3,3,3,10,3,5,4,5,4,6,5,9,4,9,10,10,5,5,4,4,4,4,5,7,2,6,8,6,8,10,7,8,4,5,5,5,6,7,8,9,4,5,5,5,4,5,5,5,6,6,4,6,5,6,6,6,6,8,6,5,6,7,6,8,9,9,6,7,8,9,8,6,7,8,10,9,7,7,8,12,9,6,7,7,7,7,8,9,3,3,3,5,6,4,5,4,5,3,5,5,3,4,5,5,7,4,5,4,5,6,7,6,7,8,9,6,14,5,5,9,2
Mikenas Defense,3,3,3,6,3,2,6,3,3,2,3,3,3,2,3,3,3,2,3,3,2,3,1,2,2,2,2,2,2,6,6,5,3,3,3,3,3,2,3,4,2,3,4,2,3,1,1,1,0,1,4,6,3,2,1,4,3,4,5,4,1,4,2,2,2,1,3,4,4,2,2,3,2,2,6,4,6,6,4,2,4,4,7,6,8,7,2,3,3,5,5,7,5,8,2,3,3,3,3,3,10,3,5,4,5,4,6,5,9,4,9,10,10,4,4,4,4,4,4,4,6,3,6,8,5,7,9,7,8,4,4,4,4,5,6,7,8,4,5,5,5,4,5,5,5,6,6,4,5,4,5,5,5,5,7,5,5,6,7,6,8,9,9,6,7,8,9,8,6,7,8,10,9,7,7,8,12,9,6,7,7,7,7,8,9,3,3,3,5,6,4,5,4,5,3,5,5,3,4,5,5,7,4,5,4,5,6,7,6,7,8,9,6,14,5,5,9,2
Queen's Pawn Game,2,2,2,5,3,2,5,3,2,2,2,2,2,2,2,2,3,2,3,2,2,3,2,3,3,2,2,2,3,5,5,4,3,2,3,3,3,2,3,4,2,3,4,2,3,1,1,1,1,0,3,5,2,2,1,3,2,3,4,3,1,4,2,3,2,2,4,5,5,2,3,4,3,3,7,5,7,7,5,3,5,4,7,6,8,8,3,4,4,6,6,8,6,9,2,3,3,3,3,3,10,3,5,4,5,4,6,5,9,4,9,10,10,4,4,4,4,4,4,4,6,3,6,8,6,8,10,7,8,4,4,4,4,5,6,7,8,4,5,5,5,4,5,5,5,6,6,4,5,4,5,5,5,5,7,5,5,6,7,6,8,9,9,6,7,8,9,8,6,7,8,10,9,7,7,8,12,9,6,7,7,7,7,8,9,2,2,2,4,5,3,4,3,4,2,4,4,2,3,4,4,6,3,4,3,4,5,6,5,6,7,8,5,13,4,4,8,1
Queen's Pawn Game: Anglo-Slav Opening,5,5,5,8,6,5,8,6,5,5,5,5,5,5,5,5,6,5,6,5,5,6,5,6,6,5,5,5,6,8,8,7,6,5,6,6,6,5,6,7,5,6,7,5,6,4,4,4,4,3,0,8,5,5,4,6,5,6,7,6,4,7,5,6,5,5,7,8,8,5,6,7,6,6,10,8,10,10,8,6,8,7,10,9,11,11,6,7,7,9,9,11,9,12,5,6,6,6,6,6,13,6,8,7,8,7,9,8,12,7,12,13,13,7,7,7,7,7,7,7,9,6,9,11,9,11,13,10,11,7,7,7,7,8,9,10,11,7,8,8,8,7,8,8,8,9,9,7,8,7,8,8,8,8,10,8,8,9,10,9,11,12,12,9,10,11,12,11,9,10,11,13,12,10,10,11,15,12,9,10,10,10,10,11,12,5,5,5,7,8,6,7,6,7,5,7,7,5,6,7,7,9,6,7,6,7,8,9,8,9,10,11,8,16,7,7,11,4
Modern Defense,7,7,7,10,8,7,10,8,7,7,7,7,7,7,7,7,8,7,8,7,7,8,7,8,8,7,7,7,8,10,10,9,8,7,8,8,8,7,8,9,7,8,9,7,8,6,6,6,6,5,8,0,7,7,6,8,7,8,9,8,6,9,7,8,7,7,9,10,10,7,8,9,8,8,12,10,12,12,10,8,10,9,12,11,13,13,8,9,9,11,11,13,11,14,7,8,8,8,8,8,15,8,10,9,10,9,11,10,14,9,14,15,15,9,9,9,9,9,9,9,11,8,11,13,11,13,15,12,13,9,9,9,9,10,11,12,13,9,10,10,10,9,10,10,10,11,11,9,10,9,10,10,10,10,12,10,10,11,12,11,13,14,14,11,12,13,14,13,11,12,13,15,14,12,12,13,17,14,11,12,12,12,12,13,14,7,7,7,9,10,8,9,8,9,7,9,9,7,8,9,9,11,8,9,8,9,10,11,10,11,12,13,10,18,9,9,13,6
Old Indian Defense,4,4,4,7,5,4,7,5,4,4,4,4,4,4,4,4,5,4,5,4,4,5,4,5,5,4,4,4,5,7,7,6,3,4,5,5,5,4,5,6,4,5,6,4,5,3,3,3,3,2,5,7,0,4,3,5,3,5,6,5,3,6,4,5,4,4,6,7,7,4,5,6,5,4,8,6,8,8,6,5,7,6,9,8,10,10,5,6,6,8,8,10,8,11,4,5,5,5,5,5,12,5,7,6,7,6,8,7,11,6,11,12,12,5,4,5,5,5,5,5,6,5,7,9,7,9,11,8,9,5,5,5,5,6,8,9,10,5,6,6,6,5,6,6,6,7,7,5,5,4,5,5,5,5,7,5,5,6,7,6,8,9,9,6,7,8,9,8,6,7,8,10,9,7,7,8,12,9,6,7,7,7,7,8,9,2,2,2,6,7,3,4,3,4,2,4,4,1,2,3,3,5,2,3,2,3,4,8,4,8,6,7,7,15,6,6,10,3
Benoni Defense: Benoni Gambit Accepted,4,4,3,6,3,2,6,3,4,3,4,4,4,3,4,3,3,2,3,4,3,4,3,3,3,3,3,2,3,7,7,6,4,3,3,3,3,3,3,4,3,4,5,2,3,2,2,2,2,2,5,7,4,0,1,5,4,5,6,5,2,5,3,3,3,3,5,6,6,3,3,4,3,3,7,5,7,7,5,3,5,5,8,7,9,8,3,4,4,6,6,8,6,9,2,3,3,3,3,3,10,3,5,4,5,4,6,5,9,4,9,10,10,5,5,4,4,4,4,5,7,4,6,8,6,8,10,7,8,4,5,5,5,6,7,8,9,4,5,5,5,4,5,5,5,6,6,4,6,5,6,6,6,6,8,6,5,6,7,6,8,9,9,6,7,8,9,8,6,7,8,10,9,7,7,8,12,9,6,7,7,7,7,8,9,4,4,4,6,7,5,6,5,6,4,6,6,4,5,6,6,8,5,6,5,6,7,8,7,8,9,10,7,15,6,6,10,3
Benoni Defense: Old Benoni,3,3,2,5,2,1,5,2,3,2,3,3,3,2,3,2,2,1,2,3,2,3,2,2,2,2,2,1,2,6,6,5,3,2,2,2,2,2,2,3,2,3,4,1,2,1,1,1,1,1,4,6,3,1,0,4,3,4,5,4,1,4,2,2,2,2,4,5,5,2,2,3,2,2,6,4,6,6,4,2,4,4,7,6,8,7,2,3,3,5,5,7,5,8,1,2,2,2,2,2,9,2,4,3,4,3,5,4,8,3,8,9,9,4,4,3,3,3,3,4,6,3,5,7,5,7,9,6,7,3,4,4,4,5,6,7,8,3,4,4,4,3,4,4,4,5,5,3,5,4,5,5,5,5,7,5,4,5,6,5,7,8,8,5,6,7,8,7,5,6,7,9,8,6,6,7,11,8,5,6,6,6,6,7,8,3,3,3,5,6,4,5,4,5,3,5,5,3,4,5,5,7,4,5,4,5,6,7,6,7,8,9,6,14,5,5,9,2
Queen's Pawn Game: Chigorin Variation,5,5,5,8,4,5,8,5,5,5,5,5,5,5,5,5,5,5,4,5,5,5,5,6,5,5,5,5,5,8,8,7,5,5,5,5,5,5,4,5,5,6,7,5,6,4,4,4,4,3,6,8,5,5,4,0,5,6,7,6,4,7,4,4,4,4,6,7,7,4,4,5,4,4,8,6,8,8,6,3,5,1,9,8,10,9,4,5,5,7,7,9,7,10,4,5,5,5,5,5,12,5,7,6,7,6,8,7,11,6,11,12,12,6,6,6,6,6,6,6,8,6,8,10,8,10,12,9,10,6,6,6,6,7,8,9,10,6,7,7,7,6,7,7,7,8,8,6,7,6,7,7,7,7,9,7,7,8,9,8,10,11,11,8,9,10,11,10,8,9,10,12,11,9,9,10,14,11,8,9,9,9,9,10,11,5,5,5,7,8,6,7,6,7,5,7,7,5,6,7,7,9,6,7,6,7,8,9,8,9,10,11,8,16,7,7,11,4
Trompowsky Attack,4,4,4,7,5,4,7,5,4,4,4,4,4,4,4,4,5,4,5,4,4,5,4,5,5,4,4,4,5,7,7,6,3,4,5,5,5,4,5,6,4,5,6,4,5,3,3,3,3,2,5,7,3,4,3,5,0,5,6,5,3,6,4,5,4,4,6,7,7,4,5,6,5,4,8,6,8,8,6,5,7,6,9,8,10,10,5,6,6,8,8,10,8,11,4,5,5,5,5,5,12,5,7,6,7,6,8,7,11,6,11,12,12,5,4,5,5,5,5,5,6,5,7,9,7,9,11,8,9,5,5,5,5,6,8,9,10,5,6,6,6,5,6,6,6,7,7,5,5,4,5,5,5,5,7,5,5,6,7,6,8,9,9,6,7,8,9,8,6,7,8,10,9,7,7,8,12,9,6,7,7,7,7,8,9,2,1,2,6,7,3,4,3,4,2,4,4,2,3,4,4,6,3,4,3,4,5,8,5,8,7,8,7,15,6,6,10,3
East Indian Defense,5,5,5,8,6,5,8,6,5,5,5,5,5,5,5,5,6,5,6,5,5,6,5,6,6,5,5,5,6,8,8,7,6,5,6,6,6,5,6,7,5,6,7,5,6,4,4,4,4,3,6,8,5,5,4,6,5,0,1,6,4,7,5,6,5,5,7,8,8,5,6,7,6,6,10,8,10,10,8,6,8,7,10,9,11,11,6,7,7,9,9,11,9,12,5,6,6,6,6,6,13,6,8,7,8,7,9,8,12,7,12,13,13,7,7,7,7,7,7,7,9,6,9,11,9,11,13,10,11,7,7,7,7,8,9,10,11,7,8,8,8,7,8,8,8,9,9,7,8,7,8,8,8,8,10,8,8,9,10,9,11,12,12,9,10,11,12,11,9,10,11,13,12,10,10,11,15,12,9,10,10,10,10,11,12,5,5,5,7,8,6,7,6,7,5,7,7,5,6,7,7,9,6,7,6,7,8,9,8,9,10,11,8,16,1,7,11,4
London System,6,6,6,9,7,6,9,7,6,6,6,6,6,6,6,6,7,6,7,6,6,7,6,7,7,6,6,6,7,9,9,8,7,6,7,7,7,6,7,8,6,7,8,6,7,5,5,5,5,4,7,9,6,6,5,7,6,1,0,7,5,8,6,7,6,6,8,9,9,6,7,8,7,7,11,9,11,11,9,7,9,8,11,10,12,12,7,8,8,10,10,12,10,13,6,7,7,7,7,7,14,7,9,8,9,8,10,9,13,8,13,14,14,8,8,8,8,8,8,8,10,7,10,12,10,12,14,11,12,8,8,8,8,9,10,11,12,8,9,9,9,8,9,9,9,10,10,8,9,8,9,9,9,9,11,9,9,10,11,10,12,13,13,10,11,12,13,12,10,11,12,14,13,11,11,12,16,13,10,11,11,11,11,12,13,6,6,6,8,9,7,8,7,8,6,8,8,6,7,8,8,10,7,8,7,8,9,10,9,10,11,12,9,17,1,8,12,5
Benoni Defense,5,5,5,8,6,5,8,6,5,5,5,5,5,5,5,5,6,5,6,5,5,6,5,6,6,5,5,5,6,8,8,7,6,5,6,6,6,5,6,7,5,6,7,5,6,4,4,4,4,3,6,8,5,5,4,6,5,6,7,0,4,7,5,6,5,5,7,8,8,5,6,7,6,6,10,8,10,10,8,6,8,7,10,9,11,11,6,7,7,9,9,11,9,12,5,6,6,6,6,6,13,6,8,7,8,7,9,8,12,7,12,13,13,7,7,7,7,7,7,7,9,6,9,11,9,11,13,10,11,7,7,7,7,8,9,10,11,7,8,8,8,7,8,8,8,9,9,7,8,7,8,8,8,8,10,8,8,9,10,9,11,12,12,9,10,11,12,11,9,10,11,13,12,10,10,11,15,12,9,10,10,10,10,11,12,5,5,5,7,8,6,7,6,7,5,7,7,5,6,7,7,9,6,7,6,7,8,9,8,9,10,11,8,16,7,7,11,4
Dutch Defense,3,3,3,6,3,2,6,3,3,2,3,3,3,2,3,3,3,2,3,3,2,3,2,3,3,2,2,2,3,6,6,5,3,3,3,3,3,2,3,4,2,3,4,2,3,1,1,1,1,1,4,6,3,2,1,4,3,4,5,4,0,3,1,2,2,2,4,5,5,2,2,3,2,2,6,4,6,6,4,2,4,4,7,6,8,7,2,3,3,5,5,7,5,8,2,3,3,3,3,3,10,3,5,4,5,4,6,5,9,4,9,10,10,4,4,4,4,4,4,4,6,3,6,8,6,8,10,7,8,4,4,4,4,5,6,7,8,4,5,5,5,4,5,5,5,6,6,4,5,4,5,5,5,5,7,5,5,6,7,6,8,9,9,6,7,8,9,8,6,7,8,10,9,7,7,8,12,9,6,7,7,7,7,8,9,3,3,3,5,6,4,5,4,5,3,5,5,3,4,5,5,7,4,5,4,5,6,7,6,7,8,9,6,14,5,5,9,2
Dutch Defense: Queen's Knight Variation,6,6,6,9,6,5,9,6,6,5,6,6,6,5,6,6,6,5,6,6,5,6,5,6,6,5,5,5,6,9,9,8,6,6,6,6,6,5,6,7,5,6,7,5,6,4,4,4,4,4,7,9,6,5,4,7,6,7,8,7,3,0,4,5,5,5,7,8,8,5,5,6,5,5,9,7,9,9,7,5,7,7,10,9,11,10,5,6,6,8,8,10,8,11,5,6,6,6,6,6,13,6,8,7,8,7,9,8,12,7,12,13,13,7,7,7,7,7,7,7,9,6,9,11,9,11,13,10,11,7,7,7,7,8,9,10,11,7,8,8,8,7,8,8,8,9,9,7,8,7,8,8,8,8,10,8,8,9,10,9,11,12,12,9,10,11,12,11,9,10,11,13,12,10,10,11,15,12,9,10,10,10,10,11,12,6,6,6,8,9,7,8,7,8,6,8,8,6,7,8,8,10,7,8,7,8,9,10,9,10,11,12,9,17,8,8,12,5
Duras Gambit,3,3,3,6,2,2,6,3,3,3,3,3,3,3,3,3,2,2,2,3,3,2,2,3,2,3,2,2,2,6,6,5,2,3,2,3,2,3,2,3,3,4,5,2,3,2,2,2,2,2,5,7,4,3,2,4,4,5,6,5,1,4,0,1,1,1,3,4,4,1,1,2,1,1,5,3,5,5,3,1,3,3,6,5,7,6,1,2,2,4,4,6,4,7,1,2,2,2,2,2,9,2,4,3,4,3,5,4,8,3,8,9,9,3,3,3,3,3,3,3,5,4,5,7,5,7,9,6,7,3,3,3,3,4,5,6,7,3,4,4,4,3,4,4,4,5,5,3,4,3,4,4,4,4,6,4,4,5,6,5,7,8,8,5,6,7,8,7,5,6,7,9,8,6,6,7,11,8,5,6,6,6,6,7,8,4,4,4,6,6,4,5,4,5,3,5,5,4,5,6,6,8,5,6,5,6,7,8,7,8,9,10,7,15,6,6,10,2
Goldsmith Defense,3,3,3,6,2,2,6,3,3,4,3,3,3,4,3,3,2,2,2,3,3,2,2,3,2,3,2,2,2,6,6,5,2,3,2,3,2,3,2,3,3,4,5,2,3,2,3,3,2,3,6,8,5,3,2,4,5,6,7,6,2,5,1,0,1,1,3,4,4,1,1,2,1,1,5,3,5,5,3,1,3,3,6,5,7,6,1,2,2,4,4,6,4,7,1,2,2,2,2,2,9,2,4,3,4,3,5,4,8,3,8,9,9,3,3,3,3,3,3,3,5,5,5,7,5,7,9,6,7,3,3,3,3,4,5,6,7,3,4,4,4,3,4,4,4,5,5,3,4,3,4,4,4,4,6,4,4,5,6,5,7,8,8,5,6,7,8,7,5,6,7,9,8,6,6,7,11,8,5,6,6,6,6,7,8,4,4,4,7,6,4,5,4,5,3,5,5,4,5,6,6,8,5,6,5,6,7,9,7,9,9,10,8,16,7,7,11,2
King's Pawn Game,2,2,2,5,2,2,5,3,2,3,2,2,2,3,2,2,2,2,2,2,3,2,2,3,2,3,2,2,2,5,5,4,2,2,2,3,2,3,2,3,3,3,4,2,3,2,3,3,2,2,5,7,4,3,2,4,4,5,6,5,2,5,1,1,0,1,3,4,4,1,1,2,1,1,5,3,5,5,3,1,3,3,5,4,6,6,1,2,2,4,4,6,4,7,1,2,2,2,2,2,9,2,4,3,4,3,5,4,8,3,8,9,9,2,2,2,2,2,2,2,4,5,4,6,4,6,8,5,6,2,2,2,2,3,4,5,6,2,3,3,3,2,3,3,3,4,4,2,3,2,3,3,3,3,5,3,3,4,5,4,6,7,7,4,5,6,7,6,4,5,6,8,7,5,5,6,10,7,4,5,5,5,5,6,7,4,4,4,6,5,4,5,4,5,3,5,5,4,5,6,6,8,5,6,5,6,7,8,7,8,9,10,7,15,6,6,10,1
Nimzowitsch Defense,3,3,3,6,2,2,6,3,3,3,3,3,3,3,3,3,2,2,2,3,3,2,1,2,2,2,2,2,2,6,6,5,2,3,2,3,2,3,2,3,3,4,5,2,3,2,2,2,1,2,5,7,4,3,2,4,4,5,6,5,2,5,1,1,1,0,2,3,3,1,1,2,1,1,5,3,5,5,3,1,3,3,6,5,7,6,1,2,2,4,4,6,4,7,1,2,2,2,2,2,9,2,4,3,4,3,5,4,8,3,8,9,9,3,3,3,3,3,3,3,5,4,5,7,4,6,8,6,7,3,3,3,3,4,5,6,7,3,4,4,4,3,4,4,4,5,5,3,4,3,4,4,4,4,6,4,4,5,6,5,7,8,8,5,6,7,8,7,5,6,7,9,8,6,6,7,11,8,5,6,6,6,6,7,8,4,4,4,6,6,4,5,4,5,3,5,5,4,5,6,6,8,5,6,5,6,7,8,7,8,9,10,7,15,6,6,10,2
Nimzowitsch Defense: Franco-Nimzowitsch Variation,5,5,5,8,4,4,8,5,5,5,5,5,5,5,5,5,4,4,4,5,5,4,3,4,4,4,4,4,4,8,8,7,4,5,4,5,4,5,4,5,5,6,6,4,5,4,4,4,3,4,7,9,6,5,4,6,6,7,8,7,4,7,3,3,3,2,0,5,5,3,3,4,3,3,7,5,7,7,5,3,5,5,8,7,9,8,3,4,4,6,6,8,6,9,3,4,4,4,4,4,7,4,6,2,3,2,4,3,7,1,6,7,11,5,5,5,5,5,5,5,7,6,7,9,6,8,10,8,9,5,5,5,5,5,7,8,9,5,5,6,5,5,5,4,5,6,6,5,4,4,4,4,4,4,6,4,3,4,5,4,6,7,7,4,5,6,7,6,4,5,6,8,7,5,5,6,10,7,4,5,5,5,5,6,7,6,6,6,8,8,6,7,6,7,5,7,7,6,7,8,8,10,7,8,7,8,9,10,9,10,11,12,9,17,8,8,12,4
"Nimzowitsch Defense: Kennedy Variation, Linksspringer Variation",6,6,6,9,5,5,9,6,6,6,6,6,6,6,6,6,5,5,5,6,6,5,4,5,5,5,5,5,5,9,9,8,5,6,5,6,5,6,5,6,6,7,8,5,6,5,5,5,4,5,8,10,7,6,5,7,7,8,9,8,5,8,4,4,4,3,5,0,6,4,4,5,4,4,8,6,8,8,6,4,6,6,9,8,10,9,4,5,5,7,7,9,7,10,4,5,5,5,5,5,12,5,7,6,7,6,8,7,11,6,11,12,12,6,6,6,6,6,6,6,8,7,8,10,7,9,11,9,10,6,6,6,6,7,8,9,10,6,7,7,7,6,7,7,7,8,8,6,7,6,7,7,7,7,9,7,7,8,9,8,10,11,11,8,9,10,11,10,8,9,10,12,11,9,9,10,14,11,8,9,9,9,9,10,11,7,7,7,9,9,7,8,7,8,6,8,8,7,8,9,9,11,8,9,8,9,10,11,10,11,12,13,10,18,9,9,13,5
"Nimzowitsch Defense: Scandinavian Variation, Advance Variation",6,6,6,9,5,5,9,6,6,6,6,6,6,6,6,6,5,5,5,6,6,5,4,5,5,5,5,5,5,9,9,8,5,6,5,6,5,6,5,6,6,6,7,5,6,5,5,5,4,5,8,10,7,6,5,7,7,8,9,8,5,8,4,4,4,3,5,6,0,4,4,5,4,4,8,6,8,8,6,4,6,6,9,8,10,9,4,5,5,7,1,3,2,10,4,5,5,5,4,5,12,5,7,6,7,6,8,7,11,6,11,12,12,4,4,4,3,4,4,4,6,7,2,4,1,3,5,6,7,5,5,6,6,7,8,9,10,6,7,7,7,5,6,6,6,7,7,5,6,5,6,6,6,6,8,6,6,7,8,7,9,10,10,7,8,9,10,9,7,8,9,11,10,8,8,9,13,10,7,8,8,8,8,9,10,7,7,7,9,9,7,8,7,8,6,8,8,7,8,9,9,11,8,9,8,9,10,11,10,11,12,13,10,18,9,9,13,5
Owen Defense,3,3,3,6,2,2,6,3,3,3,3,3,3,3,3,3,2,2,2,3,3,2,2,2,2,2,1,2,2,6,6,5,2,3,2,3,2,3,2,3,3,4,5,2,3,1,2,2,2,2,5,7,4,3,2,4,4,5,6,5,2,5,1,1,1,1,3,4,4,0,1,2,1,1,5,3,5,5,3,1,3,3,6,5,7,6,1,2,2,4,4,6,4,7,1,2,2,2,2,2,9,2,4,3,4,3,5,4,8,3,8,9,9,3,3,3,3,3,3,3,5,4,5,7,5,7,9,6,7,3,3,3,3,4,5,6,7,3,4,4,4,3,4,4,4,5,5,3,4,3,4,4,4,4,6,4,4,5,6,5,7,8,8,5,6,7,8,7,5,6,7,9,8,6,6,7,11,8,5,6,6,6,6,7,8,4,4,4,6,6,4,5,4,5,3,5,5,4,5,6,6,8,5,6,5,6,7,8,7,8,9,10,7,15,6,6,10,2
Pirc Defense,3,3,3,6,2,2,6,3,3,4,3,3,3,4,3,3,2,2,2,3,3,2,2,2,1,2,2,2,2,6,6,5,2,3,2,3,2,3,2,3,3,4,5,2,3,2,3,3,2,3,6,8,5,3,2,4,5,6,7,6,2,5,1,1,1,1,3,4,4,1,0,1,1,1,5,3,5,5,3,1,3,3,6,5,7,5,1,2,2,4,4,6,4,7,1,2,2,2,2,2,9,2,4,3,4,3,5,4,8,3,8,9,9,3,3,2,3,3,3,3,5,5,5,7,5,7,9,6,7,3,3,3,3,4,5,6,7,3,4,4,4,3,4,4,4,5,5,2,4,3,4,4,4,4,6,4,4,5,6,5,7,8,8,5,6,7,8,7,5,6,7,9,8,6,6,7,11,8,5,6,6,6,6,7,8,4,4,4,7,6,4,5,4,5,3,5,5,4,5,6,6,8,5,6,5,6,7,9,7,9,9,10,8,16,7,7,11,2
Rat Defense: Harmonist,4,4,4,7,3,3,7,4,4,5,4,4,4,5,4,4,3,3,3,4,4,3,3,3,2,3,3,3,3,7,7,6,3,4,3,4,3,4,3,4,4,3,4,3,3,3,4,4,3,4,7,9,6,4,3,5,6,7,8,7,3,6,2,2,2,2,4,5,5,2,1,0,2,2,6,4,6,6,4,2,4,4,7,6,8,6,2,3,3,5,5,7,5,8,2,2,2,1,2,2,10,2,4,4,5,4,6,5,9,4,9,10,10,2,2,1,2,2,2,2,4,6,4,6,4,6,8,5,6,2,2,2,2,3,6,7,8,2,3,3,3,2,3,3,3,4,4,1,3,2,3,3,3,3,5,3,3,4,5,4,6,7,7,4,5,6,7,6,4,5,6,8,7,5,5,6,10,7,4,5,5,5,5,6,7,5,5,5,8,7,5,6,5,6,4,6,6,5,6,7,7,9,6,7,6,7,8,10,8,10,10,11,9,17,8,8,12,3
St. George Defense,3,3,3,6,2,2,6,3,3,4,3,3,3,4,3,3,2,2,2,3,3,2,2,3,2,3,2,2,2,6,6,5,2,3,2,3,2,3,2,3,3,4,5,2,3,2,3,3,2,3,6,8,5,3,2,4,5,6,7,6,2,5,1,1,1,1,3,4,4,1,1,2,0,1,5,3,5,5,3,1,3,3,6,5,7,6,1,2,2,4,4,6,4,7,1,2,2,2,2,2,9,2,4,3,4,3,5,4,8,3,8,9,9,3,3,3,3,3,3,3,5,5,5,7,5,7,9,6,7,3,3,3,3,4,5,6,7,3,4,4,4,3,4,4,4,5,5,3,4,3,4,4,4,4,6,4,4,5,6,5,7,8,8,5,6,7,8,7,5,6,7,9,8,6,6,7,11,8,5,6,6,6,6,7,8,4,4,4,7,6,4,5,4,5,3,5,5,4,5,6,6,8,5,6,5,6,7,9,7,9,9,10,8,16,7,7,11,2
Scandinavian Defense,3,3,3,6,2,2,6,3,3,3,3,3,3,3,3,2,1,2,2,2,2,1,2,3,2,3,2,2,2,6,6,5,1,2,1,2,2,2,2,3,2,3,4,2,3,2,3,3,2,3,6,8,4,3,2,4,4,6,7,6,2,5,1,1,1,1,3,4,4,1,1,2,1,0,4,2,4,4,2,1,3,3,6,5,7,6,1,2,2,4,4,6,4,7,1,2,2,2,2,2,9,2,4,3,4,3,5,4,8,3,8,9,9,3,2,3,3,3,3,3,4,5,5,7,5,7,9,6,7,3,3,3,3,4,5,6,7,3,4,4,4,3,4,4,4,5,5,3,3,2,3,3,3,3,5,3,3,4,5,4,6,7,7,4,5,6,7,6,4,5,6,8,7,5,5,6,10,7,4,5,5,5,5,6,7,3,3,3,7,6,3,4,3,4,2,4,4,3,4,5,5,7,4,5,4,5,6,9,6,9,8,9,8,16,7,7,11,2
Scandinavian Defense: Blackburne Gambit,7,7,7,10,6,6,10,7,7,7,7,7,7,7,7,6,5,6,6,6,6,5,6,7,6,7,6,6,6,10,10,9,5,6,5,6,6,6,6,7,6,7,8,6,7,6,7,7,6,7,10,12,8,7,6,8,8,10,11,10,6,9,5,5,5,5,7,8,8,5,5,6,5,4,0,2,5,5,3,5,7,7,10,9,11,10,5,6,6,8,8,10,8,11,5,6,6,6,6,6,13,6,8,7,8,7,9,8,12,7,12,13,13,7,6,7,7,7,7,7,8,9,9,11,9,11,13,10,11,7,7,7,7,8,9,10,11,7,8,8,8,7,8,8,8,9,9,7,7,6,7,7,7,7,9,7,7,8,9,8,10,11,11,8,9,10,11,10,8,9,10,12,11,9,9,10,14,11,8,9,9,9,9,10,11,7,7,7,11,10,7,8,7,8,6,8,8,7,8,9,9,11,8,9,8,9,10,13,10,13,12,13,12,20,11,11,15,6
Scandinavian Defense: Blackburne-Kloosterboer Gambit,5,5,5,8,4,4,8,5,5,5,5,5,5,5,5,4,3,4,4,4,4,3,4,5,4,5,4,4,4,8,8,7,3,4,3,4,4,4,4,5,4,5,6,4,5,4,5,5,4,5,8,10,6,5,4,6,6,8,9,8,4,7,3,3,3,3,5,6,6,3,3,4,3,2,2,0,3,3,1,3,5,5,8,7,9,8,3,4,4,6,6,8,6,9,3,4,4,4,4,4,11,4,6,5,6,5,7,6,10,5,10,11,11,5,4,5,5,5,5,5,6,7,7,9,7,9,11,8,9,5,5,5,5,6,7,8,9,5,6,6,6,5,6,6,6,7,7,5,5,4,5,5,5,5,7,5,5,6,7,6,8,9,9,6,7,8,9,8,6,7,8,10,9,7,7,8,12,9,6,7,7,7,7,8,9,5,5,5,9,8,5,6,5,6,4,6,6,5,6,7,7,9,6,7,6,7,8,11,8,11,10,11,10,18,9,9,13,4
Scandinavian Defense: Gubinsky-Melts Defense,7,7,7,10,6,6,10,7,7,7,7,7,7,7,7,6,5,6,6,6,6,5,6,7,6,7,6,6,6,10,10,9,5,6,5,6,6,6,6,7,6,7,8,6,7,6,7,7,6,7,10,12,8,7,6,8,8,10,11,10,6,9,5,5,5,5,7,8,8,5,5,6,5,4,5,3,0,1,2,5,7,7,10,9,11,10,5,6,6,8,8,10,8,11,5,6,6,6,6,6,13,6,8,7,8,7,9,8,12,7,12,13,13,7,6,7,7,7,7,7,8,9,9,11,9,11,13,10,11,7,7,7,7,8,9,10,11,7,8,8,8,7,8,8,8,9,9,7,7,6,7,7,7,7,9,7,7,8,9,8,10,11,11,8,9,10,11,10,8,9,10,12,11,9,9,10,14,11,8,9,9,9,9,10,11,7,7,7,11,10,7,8,7,8,6,8,8,7,8,9,9,11,8,9,8,9,10,13,10,13,12,13,12,20,11,11,15,6
Scandinavian Defense: Main Line,7,7,7,10,6,6,10,7,7,7,7,7,7,7,7,6,5,6,6,6,6,5,6,7,6,7,6,6,6,10,10,9,5,6,5,6,6,6,6,7,6,7,8,6,7,6,7,7,6,7,10,12,8,7,6,8,8,10,11,10,6,9,5,5,5,5,7,8,8,5,5,6,5,4,5,3,1,0,2,5,7,7,10,9,11,10,5,6,6,8,8,10,8,11,5,6,6,6,6,6,13,6,8,7,8,7,9,8,12,7,12,13,13,7,6,7,7,7,7,7,8,9,9,11,9,11,13,10,11,7,7,7,7,8,9,10,11,7,8,8,8,7,8,8,8,9,9,7,7,6,7,7,7,7,9,7,7,8,9,8,10,11,11,8,9,10,11,10,8,9,10,12,11,9,9,10,14,11,8,9,9,9,9,10,11,7,7,7,11,10,7,8,7,8,6,8,8,7,8,9,9,11,8,9,8,9,10,13,10,13,12,13,12,20,11,11,15,6
Scandinavian Defense: Mieses-Kotroc Variation,5,5,5,8,4,4,8,5,5,5,5,5,5,5,5,4,3,4,4,4,4,3,4,5,4,5,4,4,4,8,8,7,3,4,3,4,4,4,4,5,4,5,6,4,5,4,5,5,4,5,8,10,6,5,4,6,6,8,9,8,4,7,3,3,3,3,5,6,6,3,3,4,3,2,3,1,2,2,0,3,5,5,8,7,9,8,3,4,4,6,6,8,6,9,3,4,4,4,4,4,11,4,6,5,6,5,7,6,10,5,10,11,11,5,4,5,5,5,5,5,6,7,7,9,7,9,11,8,9,5,5,5,5,6,7,8,9,5,6,6,6,5,6,6,6,7,7,5,5,4,5,5,5,5,7,5,5,6,7,6,8,9,9,6,7,8,9,8,6,7,8,10,9,7,7,8,12,9,6,7,7,7,7,8,9,5,5,5,9,8,5,6,5,6,4,6,6,5,6,7,7,9,6,7,6,7,8,11,8,11,10,11,10,18,9,9,13,4
Alekhine Defense,3,3,2,5,1,2,5,2,3,3,3,3,3,3,3,2,2,2,1,3,3,2,2,3,2,3,2,2,2,6,6,5,2,2,2,2,2,2,1,2,2,3,4,2,3,2,3,3,2,3,6,8,5,3,2,3,5,6,7,6,2,5,1,1,1,1,3,4,4,1,1,2,1,1,5,3,5,5,3,0,2,2,6,5,7,6,1,2,2,4,4,6,4,7,1,2,2,2,2,2,9,2,4,3,4,3,5,4,8,3,8,9,9,3,3,3,3,3,3,3,5,5,5,7,5,7,9,6,7,3,3,3,3,4,5,6,7,3,4,4,4,3,4,4,4,5,5,3,4,3,4,4,4,4,6,4,4,5,6,5,7,8,8,5,6,7,8,7,5,6,7,9,8,6,6,7,11,8,5,6,6,6,6,7,8,4,4,4,7,6,4,5,4,5,3,5,5,4,5,6,6,8,5,6,5,6,7,9,7,9,9,10,8,16,7,7,11,2
Alekhine Defense: Normal Variation,5,5,4,7,3,4,7,4,5,5,5,5,5,5,5,4,4,4,3,5,5,4,4,5,4,5,4,4,4,8,8,7,4,4,4,4,4,4,3,4,4,5,6,4,5,4,5,5,4,5,8,10,7,5,4,5,7,8,9,8,4,7,3,3,3,3,5,6,6,3,3,4,3,3,7,5,7,7,5,2,0,4,8,7,9,8,3,4,4,6,6,8,6,9,3,4,4,4,4,4,11,4,6,5,6,5,7,6,10,5,10,11,11,5,5,5,5,5,5,5,7,7,7,9,7,9,11,8,9,5,5,5,5,6,7,8,9,5,6,6,6,5,6,6,6,7,7,5,6,5,6,6,6,6,8,6,6,7,8,7,9,10,10,7,8,9,10,9,7,8,9,11,10,8,8,9,13,10,7,8,8,8,8,9,10,6,6,6,9,8,6,7,6,7,5,7,7,6,7,8,8,10,7,8,7,8,9,11,9,11,11,12,10,18,9,9,13,4
Alekhine Defense: Scandinavian Variation,5,5,4,7,3,4,7,4,5,5,5,5,5,5,5,4,4,4,3,5,5,4,4,5,4,5,4,4,4,8,8,7,4,4,4,4,4,4,3,4,4,5,6,4,5,4,5,5,4,4,7,9,6,5,4,1,6,7,8,7,4,7,3,3,3,3,5,6,6,3,3,4,3,3,7,5,7,7,5,2,4,0,8,7,9,8,3,4,4,6,6,8,6,9,3,4,4,4,4,4,11,4,6,5,6,5,7,6,10,5,10,11,11,5,5,5,5,5,5,5,7,7,7,9,7,9,11,8,9,5,5,5,5,6,7,8,9,5,6,6,6,5,6,6,6,7,7,5,6,5,6,6,6,6,8,6,6,7,8,7,9,10,10,7,8,9,10,9,7,8,9,11,10,8,8,9,13,10,7,8,8,8,8,9,10,6,6,6,8,8,6,7,6,7,5,7,7,6,7,8,8,10,7,8,7,8,9,10,9,10,11,12,9,17,8,8,12,4
Modern Defense: Standard Defense,7,7,7,10,7,7,10,8,7,8,7,7,7,8,7,7,7,7,7,7,8,7,7,8,7,8,7,7,7,10,10,9,7,7,7,8,7,8,7,8,8,8,9,7,8,7,8,8,7,7,10,12,9,8,7,9,9,10,11,10,7,10,6,6,5,6,8,9,9,6,6,7,6,6,10,8,10,10,8,6,8,8,0,1,1,11,6,7,7,9,9,11,9,12,6,7,7,7,7,7,14,7,9,8,9,8,10,9,13,8,13,14,14,7,7,7,7,7,7,7,9,10,9,11,9,11,13,10,11,7,7,7,7,8,9,10,11,7,8,8,8,7,8,8,8,9,9,7,8,7,8,8,8,8,10,8,8,9,10,9,11,12,12,9,10,11,12,11,9,10,11,13,12,10,10,11,15,12,9,10,10,10,10,11,12,9,9,9,11,10,9,10,9,10,8,10,10,9,10,11,11,13,10,11,10,11,12,13,12,13,14,15,12,20,11,11,15,6
Modern Defense: Standard Line,6,6,6,9,6,6,9,7,6,7,6,6,6,7,6,6,6,6,6,6,7,6,6,7,6,7,6,6,6,9,9,8,6,6,6,7,6,7,6,7,7,7,8,6,7,6,7,7,6,6,9,11,8,7,6,8,8,9,10,9,6,9,5,5,4,5,7,8,8,5,5,6,5,5,9,7,9,9,7,5,7,7,1,0,2,10,5,6,6,8,8,10,8,11,5,6,6,6,6,6,13,6,8,7,8,7,9,8,12,7,12,13,13,6,6,6,6,6,6,6,8,9,8,10,8,10,12,9,10,6,6,6,6,7,8,9,10,6,7,7,7,6,7,7,7,8,8,6,7,6,7,7,7,7,9,7,7,8,9,8,10,11,11,8,9,10,11,10,8,9,10,12,11,9,9,10,14,11,8,9,9,9,9,10,11,8,8,8,10,9,8,9,8,9,7,9,9,8,9,10,10,12,9,10,9,10,11,12,11,12,13,14,11,19,10,10,14,5
Modern Defense: Two Knights Variation,8,8,8,11,8,8,11,9,8,9,8,8,8,9,8,8,8,8,8,8,9,8,8,9,8,9,8,8,8,11,11,10,8,8,8,9,8,9,8,9,9,9,10,8,9,8,9,9,8,8,11,13,10,9,8,10,10,11,12,11,8,11,7,7,6,7,9,10,10,7,7,8,7,7,11,9,11,11,9,7,9,9,1,2,0,12,7,8,8,10,10,12,10,13,7,8,8,8,8,8,15,8,10,9,10,9,11,10,14,9,14,15,15,8,8,8,8,8,8,8,10,11,10,12,10,12,14,11,12,8,8,8,8,9,10,11,12,8,9,9,9,8,9,9,9,10,10,8,9,8,9,9,9,9,11,9,9,10,11,10,12,13,13,10,11,12,13,12,10,11,12,14,13,11,11,12,16,13,10,11,11,11,11,12,13,10,10,10,12,11,10,11,10,11,9,11,11,10,11,12,12,14,11,12,11,12,13,14,13,14,15,16,13,21,12,12,16,7
Pirc Defense: Classical Variation,8,8,8,11,7,7,11,8,8,9,8,8,8,9,8,8,7,7,7,8,8,7,7,7,6,7,7,7,7,11,11,10,7,8,7,8,7,8,7,8,8,9,10,7,8,7,8,8,7,8,11,13,10,8,7,9,10,11,12,11,7,10,6,6,6,6,8,9,9,6,5,6,6,6,10,8,10,10,8,6,8,8,11,10,12,0,6,7,7,9,9,11,9,12,6,7,7,7,7,7,14,7,9,8,9,8,10,9,13,8,13,14,14,8,8,7,8,8,8,8,10,10,10,12,10,12,14,11,12,8,8,8,8,9,10,11,12,8,9,9,9,8,9,9,9,10,10,7,9,8,9,9,9,9,11,9,9,10,11,10,12,13,13,10,11,12,13,12,10,11,12,14,13,11,11,12,16,13,10,11,11,11,11,12,13,9,9,9,12,11,9,10,9,10,8,10,10,9,10,11,11,13,10,11,10,11,12,14,12,14,14,15,13,21,12,12,16,7
Caro-Kann Defense,3,3,3,6,2,2,6,3,3,3,3,3,3,3,3,3,2,2,2,3,3,2,2,2,2,2,2,2,1,6,6,5,2,2,2,2,1,2,2,3,2,3,4,2,3,2,3,3,2,3,6,8,5,3,2,4,5,6,7,6,2,5,1,1,1,1,3,4,4,1,1,2,1,1,5,3,5,5,3,1,3,3,6,5,7,6,0,1,1,3,3,5,3,6,1,2,2,2,2,2,9,2,4,3,4,3,5,4,8,3,8,9,9,2,3,3,3,3,3,3,5,5,4,6,4,6,8,6,7,3,2,3,3,4,5,6,7,2,3,3,3,3,4,4,4,5,5,3,4,3,4,4,4,4,6,4,4,5,6,5,7,8,8,5,6,7,8,7,5,6,7,9,8,6,6,7,11,8,5,6,6,6,6,7,8,4,4,4,7,6,4,5,4,5,3,5,5,4,5,6,6,8,5,6,5,6,7,9,7,9,9,10,8,16,7,7,11,2
Caro-Kann Defense: Breyer Variation,4,4,4,7,3,3,7,4,4,4,4,4,4,4,4,4,3,3,3,4,4,3,3,3,3,3,3,3,2,7,7,6,3,3,3,3,2,3,3,4,3,3,4,3,4,3,4,4,3,4,7,9,6,4,3,5,6,7,8,7,3,6,2,2,2,2,4,5,5,2,2,3,2,2,6,4,6,6,4,2,4,4,7,6,8,7,1,0,1,4,4,6,4,7,2,2,3,3,3,3,10,3,5,4,5,4,6,5,9,4,9,10,10,1,2,2,2,2,2,2,4,6,4,6,4,6,8,5,6,2,1,2,2,3,6,7,8,2,3,3,3,2,3,3,3,4,4,2,3,2,3,3,3,3,5,3,3,4,5,4,6,7,7,4,5,6,7,6,4,5,6,8,7,5,5,6,10,7,4,5,5,5,5,6,7,5,5,5,8,7,5,6,5,6,4,6,6,5,6,7,7,9,6,7,6,7,8,10,8,10,10,11,9,17,8,8,12,3
Caro-Kann Defense: Hillbilly Attack,4,4,4,7,3,3,7,4,4,4,4,4,4,4,4,4,3,3,3,4,4,3,3,3,3,3,3,3,2,7,7,6,3,3,3,3,2,3,3,4,3,3,4,3,3,3,4,4,3,4,7,9,6,4,3,5,6,7,8,7,3,6,2,2,2,2,4,5,5,2,2,3,2,2,6,4,6,6,4,2,4,4,7,6,8,7,1,1,0,4,4,6,4,7,2,1,2,2,2,2,10,2,4,4,5,4,6,5,9,4,9,10,10,2,3,3,3,3,3,3,5,6,5,7,5,7,9,6,7,2,2,2,2,3,6,7,8,1,2,2,2,2,3,3,3,4,4,2,3,2,3,3,3,3,5,3,3,4,5,4,6,7,7,4,5,6,7,6,4,5,6,8,7,5,5,6,10,7,4,5,5,5,5,6,7,5,5,5,8,7,5,6,5,6,4,6,6,5,6,7,7,9,6,7,6,7,8,10,8,10,10,11,9,17,8,8,12,3
Caro-Kann Defense: Two Knights Attack,6,6,6,9,5,5,9,6,6,6,6,6,6,6,6,6,5,5,5,6,6,5,5,5,5,5,5,5,4,9,9,8,5,5,5,5,4,5,5,6,5,6,7,5,6,5,6,6,5,6,9,11,8,6,5,7,8,9,10,9,5,8,4,4,4,4,6,7,7,4,4,5,4,4,8,6,8,8,6,4,6,6,9,8,10,9,3,4,4,0,6,8,6,9,4,5,5,5,5,5,12,5,7,6,7,6,8,7,11,6,11,12,12,5,6,6,6,6,6,6,8,8,7,9,7,9,11,9,10,6,5,6,6,7,8,9,10,5,6,6,6,6,7,7,7,8,8,6,7,6,7,7,7,7,9,7,7,8,9,8,10,11,11,8,9,10,11,10,8,9,10,12,11,9,9,10,14,11,8,9,9,9,9,10,11,7,7,7,10,9,7,8,7,8,6,8,8,7,8,9,9,11,8,9,8,9,10,12,10,12,12,13,11,19,10,10,14,5
Caro-Kann Defense: Advance Variation,6,6,6,9,5,5,9,6,6,6,6,6,6,6,6,6,5,5,5,6,6,5,5,5,5,5,5,5,4,9,9,8,5,5,5,5,4,5,5,6,5,6,7,5,6,5,6,6,5,6,9,11,8,6,5,7,8,9,10,9,5,8,4,4,4,4,6,7,1,4,4,5,4,4,8,6,8,8,6,4,6,6,9,8,10,9,3,4,4,6,0,2,1,9,4,5,5,5,4,5,12,5,7,6,7,6,8,7,11,6,11,12,12,4,4,4,3,4,4,4,6,8,2,4,1,3,5,6,7,5,5,6,6,7,8,9,10,5,6,6,6,5,6,6,6,7,7,5,6,5,6,6,6,6,8,6,6,7,8,7,9,10,10,7,8,9,10,9,7,8,9,11,10,8,8,9,13,10,7,8,8,8,8,9,10,7,7,7,10,9,7,8,7,8,6,8,8,7,8,9,9,11,8,9,8,9,10,12,10,12,12,13,11,19,10,10,14,5
"Caro-Kann Defense: Advance Variation, Short Variation",8,8,8,11,7,7,11,8,8,8,8,8,8,8,8,8,7,7,7,8,8,7,7,7,7,7,7,7,6,11,11,10,7,7,7,7,6,7,7,8,7,8,9,7,8,7,8,8,7,8,11,13,10,8,7,9,10,11,12,11,7,10,6,6,6,6,8,9,3,6,6,7,6,6,10,8,10,10,8,6,8,8,11,10,12,11,5,6,6,8,2,0,3,11,6,7,7,7,6,7,14,7,9,8,9,8,10,9,13,8,13,14,14,6,6,6,5,6,6,6,8,10,4,6,3,5,7,8,9,7,7,8,8,9,10,11,12,7,8,8,8,7,8,8,8,9,9,7,8,7,8,8,8,8,10,8,8,9,10,9,11,12,12,9,10,11,12,11,9,10,11,13,12,10,10,11,15,12,9,10,10,10,10,11,12,9,9,9,12,11,9,10,9,10,8,10,10,9,10,11,11,13,10,11,10,11,12,14,12,14,14,15,13,21,12,12,16,7
Caro-Kann Defense: Exchange Variation,6,6,6,9,5,5,9,6,6,6,6,6,6,6,6,6,5,5,5,6,6,5,5,5,5,5,5,5,4,9,9,8,5,5,5,5,4,5,5,6,5,6,7,5,6,5,6,6,5,6,9,11,8,6,5,7,8,9,10,9,5,8,4,4,4,4,6,7,2,4,4,5,4,4,8,6,8,8,6,4,6,6,9,8,10,9,3,4,4,6,1,3,0,9,4,5,5,5,4,5,12,5,7,6,7,6,8,7,11,6,11,12,12,4,4,4,3,4,4,4,6,8,1,3,2,4,6,6,7,5,5,6,6,7,8,9,10,5,6,6,6,5,6,6,6,7,7,5,6,5,6,6,6,6,8,6,6,7,8,7,9,10,10,7,8,9,10,9,7,8,9,11,10,8,8,9,13,10,7,8,8,8,8,9,10,7,7,7,10,9,7,8,7,8,6,8,8,7,8,9,9,11,8,9,8,9,10,12,10,12,12,13,11,19,10,10,14,5
Caro-Kann Defense: Classical Variation,9,9,9,12,8,8,12,9,9,9,9,9,9,9,9,9,8,8,8,9,9,8,8,8,8,8,8,8,7,12,12,11,8,8,8,8,7,8,8,9,8,9,10,8,9,8,9,9,8,9,12,14,11,9,8,10,11,12,13,12,8,11,7,7,7,7,9,10,10,7,7,8,7,7,11,9,11,11,9,7,9,9,12,11,13,12,6,7,7,9,9,11,9,0,7,8,8,8,8,8,15,8,10,9,10,9,11,10,14,9,14,15,15,8,9,9,9,9,9,9,11,11,10,12,10,12,14,12,13,9,8,9,9,10,11,12,13,8,9,9,9,9,10,10,10,11,11,9,10,9,10,10,10,10,12,10,10,11,12,11,13,14,14,11,12,13,14,13,11,12,13,15,14,12,12,13,17,14,11,12,12,12,12,13,14,10,10,10,13,12,10,11,10,11,9,11,11,10,11,12,12,14,11,12,11,12,13,15,13,15,15,16,14,22,13,13,17,8
Sicilian Defense,3,3,2,5,2,1,5,2,3,3,3,3,3,3,3,2,2,1,2,3,3,2,2,2,2,2,2,1,2,6,6,5,2,2,2,2,2,2,2,3,2,3,4,1,2,2,2,2,2,2,5,7,4,2,1,4,4,5,6,5,2,5,1,1,1,1,3,4,4,1,1,2,1,1,5,3,5,5,3,1,3,3,6,5,7,6,1,2,2,4,4,6,4,7,0,1,1,1,1,1,8,1,3,2,3,2,4,3,7,2,7,8,8,3,3,2,2,2,2,3,5,4,4,6,4,6,8,5,6,2,3,3,3,4,5,6,7,2,3,3,3,2,3,3,3,4,4,2,4,3,4,4,4,4,6,4,3,4,5,4,6,7,7,4,5,6,7,6,4,5,6,8,7,5,5,6,10,7,4,5,5,5,5,6,7,4,4,4,6,6,4,5,4,5,3,5,5,4,5,6,6,8,5,6,5,6,7,8,7,8,9,10,7,15,6,6,10,2
Sicilian Defense: Bowdler Attack,4,4,3,6,3,2,6,3,4,4,4,4,4,4,4,3,3,2,3,4,4,3,3,3,3,3,3,2,3,7,7,6,3,3,3,3,3,3,3,3,3,3,4,2,2,3,3,3,3,3,6,8,5,3,2,5,5,6,7,6,3,6,2,2,2,2,4,5,5,2,2,2,2,2,6,4,6,6,4,2,4,4,7,6,8,7,2,2,1,5,5,7,5,8,1,0,1,1,1,1,9,1,3,3,4,3,5,4,8,3,8,9,9,3,3,2,2,2,2,3,5,5,4,6,4,6,8,5,6,2,2,2,2,3,6,7,8,1,2,2,2,2,3,3,3,4,4,2,3,2,3,3,3,3,5,3,3,4,5,4,6,7,7,4,5,6,7,6,4,5,6,8,7,5,5,6,10,7,4,5,5,5,5,6,7,5,5,5,7,7,5,6,5,6,4,6,6,5,6,7,7,9,6,7,6,7,8,9,8,9,10,11,8,16,7,7,11,3
Sicilian Defense: Staunton-Cochrane Variation,4,4,3,6,3,2,6,3,4,4,4,4,4,4,4,3,3,2,3,4,4,3,3,3,3,3,3,2,3,7,7,6,3,3,3,3,3,3,3,3,3,3,4,2,2,3,3,3,3,3,6,8,5,3,2,5,5,6,7,6,3,6,2,2,2,2,4,5,5,2,2,2,2,2,6,4,6,6,4,2,4,4,7,6,8,7,2,3,2,5,5,7,5,8,1,1,0,1,1,1,9,1,3,3,4,3,5,4,8,3,8,9,9,2,2,2,2,2,1,2,4,5,4,6,4,6,8,5,6,1,2,2,2,3,6,7,8,2,3,3,3,2,3,3,3,4,4,2,3,2,3,3,3,3,5,3,3,4,5,4,6,7,7,4,5,6,7,6,4,5,6,8,7,5,5,6,10,7,4,5,5,5,5,6,7,5,5,5,7,7,5,6,5,6,4,6,6,5,6,7,7,9,6,7,6,7,8,9,8,9,10,11,8,16,7,7,11,3
Sicilian Defense: McDonnell Attack,4,4,3,6,3,2,6,3,4,4,4,4,4,4,4,3,3,2,3,4,4,3,3,3,3,3,3,2,3,7,7,6,3,3,3,3,3,3,3,3,3,3,4,2,2,3,3,3,3,3,6,8,5,3,2,5,5,6,7,6,3,6,2,2,2,2,4,5,5,2,2,1,2,2,6,4,6,6,4,2,4,4,7,6,8,7,2,3,2,5,5,7,5,8,1,1,1,0,1,1,9,1,3,3,4,3,5,4,8,3,8,9,9,2,2,1,2,2,2,2,4,5,4,6,4,6,8,5,6,2,2,2,2,3,6,7,8,2,3,3,3,2,3,3,3,4,4,1,3,2,3,3,3,3,5,3,3,4,5,4,6,7,7,4,5,6,7,6,4,5,6,8,7,5,5,6,10,7,4,5,5,5,5,6,7,5,5,5,7,7,5,6,5,6,4,6,6,5,6,7,7,9,6,7,6,7,8,9,8,9,10,11,8,16,7,7,11,3
Sicilian Defense: Smith-Morra Gambit,4,4,3,6,3,2,6,3,4,4,4,4,4,4,4,3,3,2,3,4,4,3,3,3,3,3,3,2,3,7,7,6,3,3,3,3,3,3,3,3,3,3,4,2,2,3,3,3,3,3,6,8,5,3,2,5,5,6,7,6,3,6,2,2,2,2,4,5,4,2,2,2,2,2,6,4,6,6,4,2,4,4,7,6,8,7,2,3,2,5,4,6,4,8,1,1,1,1,0,1,9,1,3,3,4,3,5,4,8,3,8,9,9,2,2,2,1,2,2,2,4,5,3,5,3,5,7,4,5,2,3,3,3,4,6,7,8,2,3,3,3,2,3,3,3,4,4,2,4,3,4,4,4,4,6,4,4,5,6,5,7,8,8,5,6,7,8,7,5,6,7,9,8,6,6,7,11,8,5,6,6,6,6,7,8,5,5,5,7,7,5,6,5,6,4,6,6,5,6,7,7,9,6,7,6,7,8,9,8,9,10,11,8,16,7,7,11,3
Sicilian Defense: Alapin Variation,4,4,3,6,3,2,6,3,4,4,4,4,4,4,4,3,3,2,3,4,4,3,3,3,3,3,3,2,3,7,7,6,3,3,3,3,3,3,3,3,3,3,4,2,2,3,3,3,3,3,6,8,5,3,2,5,5,6,7,6,3,6,2,2,2,2,4,5,5,2,2,2,2,2,6,4,6,6,4,2,4,4,7,6,8,7,2,3,2,5,5,7,5,8,1,1,1,1,1,0,9,1,3,3,4,3,5,4,8,3,8,9,9,3,3,2,2,2,2,3,5,5,4,6,4,6,8,5,6,2,3,3,3,4,6,7,8,2,3,3,3,2,3,3,3,4,4,2,4,3,4,4,4,4,6,4,4,5,6,5,7,8,8,5,6,7,8,7,5,6,7,9,8,6,6,7,11,8,5,6,6,6,6,7,8,5,5,5,7,7,5,6,5,6,4,6,6,5,6,7,7,9,6,7,6,7,8,9,8,9,10,11,8,16,7,7,11,3
Sicilian Defense: Delayed Alapin Variation,11,11,10,13,10,9,13,10,11,11,11,11,11,11,11,10,10,9,10,11,11,10,10,10,10,10,10,9,10,14,14,13,10,10,10,10,10,10,10,11,10,11,11,9,10,10,10,10,10,10,13,15,12,10,9,12,12,13,14,13,10,13,9,9,9,9,7,12,12,9,9,10,9,9,13,11,13,13,11,9,11,11,14,13,15,14,9,10,10,12,12,14,12,15,8,9,9,9,9,9,0,9,11,7,8,7,9,8,12,6,11,12,16,11,10,10,10,10,10,11,12,12,12,14,12,14,16,13,14,10,10,10,10,10,13,14,15,10,10,11,10,10,10,9,10,11,11,10,9,9,9,9,9,9,11,9,8,9,10,9,11,12,12,9,10,11,12,11,9,10,11,13,12,10,10,11,15,12,9,10,10,10,10,11,12,12,12,12,14,14,12,13,12,13,11,13,13,12,13,14,14,16,13,14,13,14,15,16,15,16,17,18,15,23,14,14,18,10
Sicilian Defense: Closed,4,4,3,6,3,2,6,3,4,4,4,4,4,4,4,3,3,2,3,4,4,3,3,3,3,3,3,2,3,7,7,6,3,3,3,3,3,3,3,2,3,2,3,2,1,3,3,3,3,3,6,8,5,3,2,5,5,6,7,6,3,6,2,2,2,2,4,5,5,2,2,2,2,2,6,4,6,6,4,2,4,4,7,6,8,7,2,3,2,5,5,7,5,8,1,1,1,1,1,1,9,0,2,3,4,3,5,4,8,3,8,9,9,2,2,2,2,1,2,2,4,5,4,6,4,6,8,5,6,2,2,2,2,3,6,7,8,2,3,3,3,1,2,2,2,3,3,2,3,2,3,3,3,3,5,3,3,4,5,4,6,7,7,4,5,6,7,6,4,5,6,8,7,5,5,6,10,7,4,5,5,5,5,6,7,5,5,5,7,7,5,6,5,6,4,6,6,5,6,7,7,9,6,7,6,7,8,9,8,9,10,11,8,16,7,7,11,3
Sicilian Defense: Grand Prix Attack,6,6,5,8,5,4,8,5,6,6,6,6,6,6,6,5,5,4,5,6,6,5,5,5,5,5,5,4,5,9,9,8,5,5,5,5,5,5,5,4,5,4,5,4,3,5,5,5,5,5,8,10,7,5,4,7,7,8,9,8,5,8,4,4,4,4,6,7,7,4,4,4,4,4,8,6,8,8,6,4,6,6,9,8,10,9,4,5,4,7,7,9,7,10,3,3,3,3,3,3,11,2,0,5,6,5,7,6,10,5,10,11,11,4,4,4,4,3,4,4,6,7,6,8,6,8,10,7,8,4,4,4,4,5,8,9,10,4,5,5,5,3,4,4,4,5,5,4,5,4,5,5,5,5,7,5,5,6,7,6,8,9,9,6,7,8,9,8,6,7,8,10,9,7,7,8,12,9,6,7,7,7,7,8,9,7,7,7,9,9,7,8,7,8,6,8,8,7,8,9,9,11,8,9,8,9,10,11,10,11,12,13,10,18,9,9,13,5
Sicilian Defense: Hyperaccelerated Dragon,5,5,4,7,4,3,7,4,5,5,5,5,5,5,5,4,4,3,4,5,5,4,4,4,4,4,4,3,4,8,8,7,4,4,4,4,4,4,4,5,4,5,5,3,4,4,4,4,4,4,7,9,6,4,3,6,6,7,8,7,4,7,3,3,3,3,2,6,6,3,3,4,3,3,7,5,7,7,5,3,5,5,8,7,9,8,3,4,4,6,6,8,6,9,2,3,3,3,3,3,7,3,5,0,2,1,3,2,6,1,6,7,10,5,4,4,4,4,4,5,6,6,6,8,6,8,10,7,8,4,4,4,4,4,7,8,9,4,4,5,4,4,4,3,4,5,5,4,3,3,3,3,3,3,5,3,2,3,4,3,5,6,6,3,4,5,6,5,3,4,5,7,6,4,4,5,9,6,3,4,4,4,4,5,6,6,6,6,8,8,6,7,6,7,5,7,7,6,7,8,8,10,7,8,7,8,9,10,9,10,11,12,9,17,8,8,12,4
Sicilian Defense: Nyezhmetdinov-Rossolimo Attack,6,6,5,8,5,4,8,5,6,6,6,6,6,6,6,5,5,4,5,6,6,5,5,5,5,5,5,4,5,9,9,8,4,5,5,5,5,5,5,6,5,5,5,4,5,5,5,5,5,5,8,10,7,5,4,7,7,8,9,8,5,8,4,4,4,4,3,7,7,4,4,5,4,4,8,6,8,8,6,4,6,6,9,8,10,9,4,5,5,7,7,9,7,10,3,4,4,4,4,4,8,4,6,2,0,1,2,1,5,2,7,8,11,5,4,5,5,5,5,5,6,7,7,9,7,9,11,8,9,4,4,4,4,4,8,9,10,4,4,5,4,4,4,3,4,5,5,4,3,3,3,3,3,3,5,3,2,2,3,2,4,5,5,2,3,4,5,4,2,3,4,6,5,3,3,4,8,5,1,2,2,2,2,3,4,6,6,6,9,9,6,7,6,7,5,7,7,6,7,8,8,10,7,8,7,8,9,11,9,11,11,12,10,18,9,9,13,5
Sicilian Defense: Old Sicilian,5,5,4,7,4,3,7,4,5,5,5,5,5,5,5,4,4,3,4,5,5,4,4,4,4,4,4,3,4,8,8,7,3,4,4,4,4,4,4,5,4,4,4,3,4,4,4,4,4,4,7,9,6,4,3,6,6,7,8,7,4,7,3,3,3,3,2,6,6,3,3,4,3,3,7,5,7,7,5,3,5,5,8,7,9,8,3,4,4,6,6,8,6,9,2,3,3,3,3,3,7,3,5,1,1,0,2,1,5,1,6,7,10,4,3,4,4,4,4,4,5,6,6,8,6,8,10,7,8,3,3,3,3,3,7,8,9,3,3,4,3,3,3,2,3,4,4,3,2,2,2,2,2,2,4,2,1,2,3,2,4,5,5,2,3,4,5,4,2,3,4,6,5,3,3,4,8,5,2,3,3,3,3,4,5,5,5,5,8,8,5,6,5,6,4,6,6,5,6,7,7,9,6,7,6,7,8,10,8,10,10,11,9,17,8,8,12,4
Sicilian Defense: Franco-Sicilian Variation,7,7,6,9,6,5,9,6,7,7,7,7,7,7,7,6,6,5,6,7,7,6,6,6,6,6,6,5,6,10,10,9,5,6,6,6,6,6,6,7,6,6,6,5,6,6,6,6,6,6,9,11,8,6,5,8,8,9,10,9,6,9,5,5,5,5,4,8,8,5,5,6,5,5,9,7,9,9,7,5,7,7,10,9,11,10,5,6,6,8,8,10,8,11,4,5,5,5,5,5,9,5,7,3,2,2,0,1,5,3,8,9,12,6,5,6,6,6,6,6,7,8,8,10,8,10,12,9,10,5,5,5,5,5,9,10,11,5,5,6,5,5,5,4,5,6,6,5,4,4,4,4,4,4,6,4,3,3,4,2,4,5,5,3,4,5,6,5,3,4,5,7,6,4,4,5,9,6,3,4,4,4,4,5,6,7,7,7,10,10,7,8,7,8,6,8,8,7,8,9,9,11,8,9,8,9,10,12,10,12,12,13,11,19,10,10,14,6
Sicilian Defense: Open,6,6,5,8,5,4,8,5,6,6,6,6,6,6,6,5,5,4,5,6,6,5,5,5,5,5,5,4,5,9,9,8,4,5,5,5,5,5,5,6,5,5,5,4,5,5,5,5,5,5,8,10,7,5,4,7,7,8,9,8,5,8,4,4,4,4,3,7,7,4,4,5,4,4,8,6,8,8,6,4,6,6,9,8,10,9,4,5,5,7,7,9,7,10,3,4,4,4,4,4,8,4,6,2,1,1,1,0,4,2,7,8,11,5,4,5,5,5,5,5,6,7,7,9,7,9,11,8,9,4,4,4,4,4,8,9,10,4,4,5,4,4,4,3,4,5,5,4,3,3,3,3,3,3,5,3,2,2,3,1,3,4,4,2,3,4,5,4,2,3,4,6,5,3,3,4,8,5,2,3,3,3,3,4,5,6,6,6,9,9,6,7,6,7,5,7,7,6,7,8,8,10,7,8,7,8,9,11,9,11,11,12,10,18,9,9,13,5
"Sicilian Defense: Accelerated Dragon, Modern Variation",10,10,9,12,9,8,12,9,10,10,10,10,10,10,10,9,9,8,9,10,10,9,9,9,9,9,9,8,9,13,13,12,8,9,9,9,9,9,9,10,9,9,9,8,9,9,9,9,9,9,12,14,11,9,8,11,11,12,13,12,9,12,8,8,8,8,7,11,11,8,8,9,8,8,12,10,12,12,10,8,10,10,13,12,14,13,8,9,9,11,11,13,11,14,7,8,8,8,8,8,12,8,10,6,5,5,5,4,0,6,11,12,15,9,8,9,9,9,9,9,10,11,11,13,11,13,15,12,13,8,8,8,8,8,12,13,14,8,8,9,8,8,8,7,8,9,9,8,7,7,7,7,7,7,9,7,6,6,7,5,7,8,8,6,7,8,9,8,6,7,8,10,9,7,7,8,12,9,6,7,7,7,7,8,9,10,10,10,13,13,10,11,10,11,9,11,11,10,11,12,12,14,11,12,11,12,13,15,13,15,15,16,14,22,13,13,17,9
Sicilian Defense: French Variation,5,5,4,7,4,3,7,4,5,5,5,5,5,5,5,4,4,3,4,5,5,4,4,4,4,4,4,3,4,8,8,7,4,4,4,4,4,4,4,5,4,5,5,3,4,4,4,4,4,4,7,9,6,4,3,6,6,7,8,7,4,7,3,3,3,3,1,6,6,3,3,4,3,3,7,5,7,7,5,3,5,5,8,7,9,8,3,4,4,6,6,8,6,9,2,3,3,3,3,3,6,3,5,1,2,1,3,2,6,0,5,6,10,5,4,4,4,4,4,5,6,6,6,8,6,8,10,7,8,4,4,4,4,4,7,8,9,4,4,5,4,4,4,3,4,5,5,4,3,3,3,3,3,3,5,3,2,3,4,3,5,6,6,3,4,5,6,5,3,4,5,7,6,4,4,5,9,6,3,4,4,4,4,5,6,6,6,6,8,8,6,7,6,7,5,7,7,6,7,8,8,10,7,8,7,8,9,10,9,10,11,12,9,17,8,8,12,4
"Sicilian Defense: Kan Variation, Knight Variation",10,10,9,12,9,8,12,9,10,10,10,10,10,10,10,9,9,8,9,10,10,9,9,9,9,9,9,8,9,13,13,12,9,9,9,9,9,9,9,10,9,10,10,8,9,9,9,9,9,9,12,14,11,9,8,11,11,12,13,12,9,12,8,8,8,8,6,11,11,8,8,9,8,8,12,10,12,12,10,8,10,10,13,12,14,13,8,9,9,11,11,13,11,14,7,8,8,8,8,8,11,8,10,6,7,6,8,7,11,5,0,11,15,10,9,9,9,9,9,10,11,11,11,13,11,13,15,12,13,9,9,9,9,9,12,13,14,9,9,10,9,9,9,8,9,10,10,9,8,8,8,8,8,8,10,8,7,8,9,8,10,11,11,8,9,10,11,10,8,9,10,12,11,9,9,10,14,11,8,9,9,9,9,10,11,11,11,11,13,13,11,12,11,12,10,12,12,11,12,13,13,15,12,13,12,13,14,15,14,15,16,17,14,22,13,13,17,9
Sicilian Defense: Four Knights Variation,11,11,10,13,10,9,13,10,11,11,11,11,11,11,11,10,10,9,10,11,11,10,10,10,10,10,10,9,10,14,14,13,10,10,10,10,10,10,10,11,10,11,11,9,10,10,10,10,10,10,13,15,12,10,9,12,12,13,14,13,10,13,9,9,9,9,7,12,12,9,9,10,9,9,13,11,13,13,11,9,11,11,14,13,15,14,9,10,10,12,12,14,12,15,8,9,9,9,9,9,12,9,11,7,8,7,9,8,12,6,11,0,16,11,10,10,10,10,10,11,12,12,12,14,12,14,16,13,14,10,10,10,10,10,13,14,15,10,10,11,10,10,10,9,10,11,11,10,9,9,9,9,9,9,11,9,8,9,10,9,11,12,12,9,10,11,12,11,9,10,11,13,12,10,10,11,15,12,9,10,10,10,10,11,12,12,12,12,14,14,12,13,12,13,11,13,13,12,13,14,14,16,13,14,13,14,15,16,15,16,17,18,15,23,14,14,18,10
Sicilian Defense: Najdorf Variation,11,11,10,13,10,9,13,10,11,11,11,11,11,11,11,10,10,9,10,11,11,10,10,10,10,10,10,9,10,14,14,13,10,10,10,10,10,10,10,11,10,11,12,9,10,10,10,10,10,10,13,15,12,10,9,12,12,13,14,13,10,13,9,9,9,9,11,12,12,9,9,10,9,9,13,11,13,13,11,9,11,11,14,13,15,14,9,10,10,12,12,14,12,15,8,9,9,9,9,9,16,9,11,10,11,10,12,11,15,10,15,16,0,11,11,10,10,10,10,11,13,12,12,14,12,14,16,13,14,10,11,11,11,12,13,14,15,10,11,11,11,10,11,11,11,12,12,10,12,11,12,12,12,12,14,12,11,12,13,12,14,15,15,12,13,14,15,14,12,13,14,16,15,13,13,14,18,15,12,13,13,13,13,14,15,12,12,12,14,14,12,13,12,13,11,13,13,12,13,14,14,16,13,14,13,14,15,16,15,16,17,18,15,23,14,14,18,10
French Defense: King's Indian Attack,4,4,4,7,4,4,7,5,4,5,4,4,4,5,4,4,4,4,4,4,5,4,4,4,4,4,4,4,3,7,7,6,2,4,4,4,3,4,4,4,4,3,4,4,3,4,5,5,4,4,7,9,5,5,4,6,5,7,8,7,4,7,3,3,2,3,5,6,4,3,3,2,3,3,7,5,7,7,5,3,5,5,7,6,8,8,2,1,2,5,4,6,4,8,3,3,2,2,2,3,11,2,4,5,5,4,6,5,9,5,10,11,11,0,1,1,1,1,1,1,3,7,3,5,3,5,7,4,5,2,1,2,2,3,6,7,8,2,3,3,3,2,3,3,3,4,4,2,3,2,3,3,3,3,5,3,3,4,5,4,6,7,7,4,5,6,7,6,4,5,6,8,7,5,5,6,10,7,4,5,5,5,5,6,7,4,4,4,8,7,4,5,4,5,3,5,5,4,5,6,6,8,5,6,5,6,7,10,7,10,9,10,9,17,8,8,12,3
French Defense: Knight Variation,4,4,4,7,4,4,7,5,4,5,4,4,4,5,4,4,3,4,4,4,4,3,4,5,4,5,4,4,4,7,7,6,1,4,3,4,4,4,4,4,4,3,4,4,3,4,5,5,4,4,7,9,4,5,4,6,4,7,8,7,4,7,3,3,2,3,5,6,4,3,3,2,3,2,6,4,6,6,4,3,5,5,7,6,8,8,3,2,3,6,4,6,4,9,3,3,2,2,2,3,10,2,4,4,4,3,5,4,8,4,9,10,11,1,0,1,1,1,1,1,2,7,3,5,3,5,7,4,5,2,2,2,2,3,6,7,8,2,3,3,3,2,3,3,3,4,4,2,2,1,2,2,2,2,4,2,2,3,4,3,5,6,6,3,4,5,6,5,3,4,5,7,6,4,4,5,9,6,3,4,4,4,4,5,6,3,3,3,8,7,3,4,3,4,2,4,4,3,4,5,5,7,4,5,4,5,6,10,6,10,8,9,9,17,8,8,12,3
French Defense: La Bourdonnais Variation,4,4,4,7,4,3,7,4,4,5,4,4,4,5,4,4,4,3,4,4,5,4,4,4,3,4,4,3,4,7,7,6,2,4,4,4,4,4,4,4,4,3,4,3,3,4,4,4,4,4,7,9,5,4,3,6,5,7,8,7,4,7,3,3,2,3,5,6,4,3,2,1,3,3,7,5,7,7,5,3,5,5,7,6,8,7,3,2,3,6,4,6,4,9,2,2,2,1,2,2,10,2,4,4,5,4,6,5,9,4,9,10,10,1,1,0,1,1,1,1,3,6,3,5,3,5,7,4,5,2,2,2,2,3,6,7,8,2,3,3,3,2,3,3,3,4,4,1,3,2,3,3,3,3,5,3,3,4,5,4,6,7,7,4,5,6,7,6,4,5,6,8,7,5,5,6,10,7,4,5,5,5,5,6,7,4,4,4,8,7,4,5,4,5,3,5,5,4,5,6,6,8,5,6,5,6,7,10,7,10,9,10,9,17,8,8,12,3
French Defense: Normal Variation,4,4,4,7,4,3,7,4,4,5,4,4,4,5,4,4,4,3,4,4,5,4,4,4,4,4,4,3,4,7,7,6,2,4,4,4,4,4,4,4,4,3,4,3,3,4,4,4,4,4,7,9,5,4,3,6,5,7,8,7,4,7,3,3,2,3,5,6,3,3,3,2,3,3,7,5,7,7,5,3,5,5,7,6,8,8,3,2,3,6,3,5,3,9,2,2,2,2,1,2,10,2,4,4,5,4,6,5,9,4,9,10,10,1,1,1,0,1,1,1,3,6,2,4,2,4,6,3,4,2,2,3,3,4,6,7,8,3,4,4,4,2,3,3,3,4,4,2,3,2,3,3,3,3,5,3,3,4,5,4,6,7,7,4,5,6,7,6,4,5,6,8,7,5,5,6,10,7,4,5,5,5,5,6,7,4,4,4,8,7,4,5,4,5,3,5,5,4,5,6,6,8,5,6,5,6,7,10,7,10,9,10,9,17,8,8,12,3
French Defense: Queen's Knight,4,4,4,7,4,3,7,4,4,4,4,4,4,4,4,4,4,3,4,4,4,4,4,4,4,4,4,3,4,7,7,6,2,4,4,4,4,4,4,3,3,2,3,3,2,4,4,4,4,4,7,9,5,4,3,6,5,7,8,7,4,7,3,3,2,3,5,6,4,3,3,2,3,3,7,5,7,7,5,3,5,5,7,6,8,8,3,2,3,6,4,6,4,9,2,2,2,2,2,2,10,1,3,4,5,4,6,5,9,4,9,10,10,1,1,1,1,0,1,1,3,6,3,5,3,5,7,4,5,2,2,2,2,3,6,7,8,2,3,3,3,1,2,2,2,3,3,2,3,2,3,3,3,3,5,3,3,4,5,4,6,7,7,4,5,6,7,6,4,5,6,8,7,5,5,6,10,7,4,5,5,5,5,6,7,4,4,4,8,7,4,5,4,5,3,5,5,4,5,6,6,8,5,6,5,6,7,10,7,10,9,10,9,17,8,8,12,3
French Defense: Steiner Variation,4,4,4,7,4,3,7,4,4,5,4,4,4,5,4,4,4,3,4,4,5,4,4,4,4,4,4,3,4,7,7,6,2,4,4,4,4,4,4,4,4,3,4,3,3,4,4,4,4,4,7,9,5,4,3,6,5,7,8,7,4,7,3,3,2,3,5,6,4,3,3,2,3,3,7,5,7,7,5,3,5,5,7,6,8,8,3,2,3,6,4,6,4,9,2,2,1,2,2,2,10,2,4,4,5,4,6,5,9,4,9,10,10,1,1,1,1,1,0,1,3,6,3,5,3,5,7,4,5,1,2,2,2,3,6,7,8,2,3,3,3,2,3,3,3,4,4,2,3,2,3,3,3,3,5,3,3,4,5,4,6,7,7,4,5,6,7,6,4,5,6,8,7,5,5,6,10,7,4,5,5,5,5,6,7,4,4,4,8,7,4,5,4,5,3,5,5,4,5,6,6,8,5,6,5,6,7,10,7,10,9,10,9,17,8,8,12,3
French Defense: Steinitz Attack,4,4,4,7,4,4,7,5,4,5,4,4,4,5,4,4,4,4,4,4,5,4,4,5,4,5,4,4,4,7,7,6,2,4,4,5,4,5,4,4,4,3,4,4,3,4,5,5,4,4,7,9,5,5,4,6,5,7,8,7,4,7,3,3,2,3,5,6,4,3,3,2,3,3,7,5,7,7,5,3,5,5,7,6,8,8,3,2,3,6,4,6,4,9,3,3,2,2,2,3,11,2,4,5,5,4,6,5,9,5,10,11,11,1,1,1,1,1,1,0,3,7,3,5,3,5,7,4,5,2,2,3,3,4,6,7,8,3,4,4,4,2,3,3,3,4,4,2,3,2,3,3,3,3,5,3,3,4,5,4,6,7,7,4,5,6,7,6,4,5,6,8,7,5,5,6,10,7,4,5,5,5,5,6,7,4,4,4,8,7,4,5,4,5,3,5,5,4,5,6,6,8,5,6,5,6,7,10,7,10,9,10,9,17,8,8,12,3
French Defense: Two Knights Variation,6,6,6,9,6,6,9,7,6,7,6,6,6,7,6,6,5,6,6,6,6,5,6,7,6,7,6,6,6,9,9,8,3,6,5,6,6,6,6,6,6,5,6,6,5,6,7,7,6,6,9,11,6,7,6,8,6,9,10,9,6,9,5,5,4,5,7,8,6,5,5,4,5,4,8,6,8,8,6,5,7,7,9,8,10,10,5,4,5,8,6,8,6,11,5,5,4,4,4,5,12,4,6,6,6,5,7,6,10,6,11,12,13,3,2,3,3,3,3,3,0,9,5,7,5,7,9,6,7,4,4,4,4,5,8,9,10,4,5,5,5,4,5,5,5,6,6,4,4,3,4,4,4,4,6,4,4,5,6,5,7,8,8,5,6,7,8,7,5,6,7,9,8,6,6,7,11,8,5,6,6,6,6,7,8,5,5,5,10,9,5,6,5,6,4,6,6,5,6,7,7,9,6,7,6,7,8,12,8,12,10,11,11,19,10,10,14,5
Rat Defense: Small Center Defense,5,5,5,8,5,4,8,5,5,4,5,5,5,4,5,5,5,4,5,5,4,5,4,4,4,3,4,4,4,8,8,7,6,4,4,4,4,3,4,5,4,5,6,4,5,3,3,2,3,3,6,8,5,4,3,6,5,6,7,6,3,6,4,5,5,4,6,7,7,4,5,6,5,5,9,7,9,9,7,5,7,7,10,9,11,10,5,6,6,8,8,10,8,11,4,5,5,5,5,5,12,5,7,6,7,6,8,7,11,6,11,12,12,7,7,6,6,6,6,7,9,0,8,10,8,10,12,9,10,6,7,7,7,8,9,10,11,6,7,7,7,6,7,7,7,8,8,6,8,7,8,8,8,8,10,8,7,8,9,8,10,11,11,8,9,10,11,10,8,9,10,12,11,9,9,10,14,11,8,9,9,9,9,10,11,5,5,5,7,8,6,7,6,7,5,7,7,5,6,7,7,9,6,7,6,7,8,9,8,9,10,11,8,16,7,7,11,4
French Defense: Exchange Variation,6,6,6,9,6,5,9,6,6,7,6,6,6,7,6,6,6,5,6,6,7,6,6,6,6,6,6,5,5,9,9,8,4,6,6,6,5,6,6,6,6,5,6,5,5,6,6,6,6,6,9,11,7,6,5,8,7,9,10,9,6,9,5,5,4,5,7,8,2,5,5,4,5,5,9,7,9,9,7,5,7,7,9,8,10,10,4,4,5,7,2,4,1,10,4,4,4,4,3,4,12,4,6,6,7,6,8,7,11,6,11,12,12,3,3,3,2,3,3,3,5,8,0,2,1,3,5,5,6,4,4,5,5,6,8,9,10,5,6,6,6,4,5,5,5,6,6,4,5,4,5,5,5,5,7,5,5,6,7,6,8,9,9,6,7,8,9,8,6,7,8,10,9,7,7,8,12,9,6,7,7,7,7,8,9,6,6,6,10,9,6,7,6,7,5,7,7,6,7,8,8,10,7,8,7,8,9,12,9,12,11,12,11,19,10,10,14,5
"French Defense: Exchange Variation, Monte Carlo Variation",8,8,8,11,8,7,11,8,8,9,8,8,8,9,8,8,8,7,8,8,9,8,8,8,8,8,8,7,7,11,11,10,6,8,8,8,7,8,8,8,8,7,8,7,7,8,8,8,8,8,11,13,9,8,7,10,9,11,12,11,8,11,7,7,6,7,9,10,4,7,7,6,7,7,11,9,11,11,9,7,9,9,11,10,12,12,6,6,7,9,4,6,3,12,6,6,6,6,5,6,14,6,8,8,9,8,10,9,13,8,13,14,14,5,5,5,4,5,5,5,7,10,2,0,3,5,7,7,8,6,6,7,7,8,10,11,12,7,8,8,8,6,7,7,7,8,8,6,7,6,7,7,7,7,9,7,7,8,9,8,10,11,11,8,9,10,11,10,8,9,10,12,11,9,9,10,14,11,8,9,9,9,9,10,11,8,8,8,12,11,8,9,8,9,7,9,9,8,9,10,10,12,9,10,9,10,11,14,11,14,13,14,13,21,12,12,16,7
French Defense: Advance Variation,6,6,6,9,6,5,9,6,6,7,6,6,6,7,6,6,6,5,6,6,7,6,5,6,6,6,6,5,5,9,9,8,4,6,6,6,5,6,6,6,6,5,6,5,5,6,6,6,5,6,9,11,7,6,5,8,7,9,10,9,6,9,5,5,4,4,6,7,1,5,5,4,5,5,9,7,9,9,7,5,7,7,9,8,10,10,4,4,5,7,1,3,2,10,4,4,4,4,3,4,12,4,6,6,7,6,8,7,11,6,11,12,12,3,3,3,2,3,3,3,5,8,1,3,0,2,4,5,6,4,4,5,5,6,8,9,10,5,6,6,6,4,5,5,5,6,6,4,5,4,5,5,5,5,7,5,5,6,7,6,8,9,9,6,7,8,9,8,6,7,8,10,9,7,7,8,12,9,6,7,7,7,7,8,9,6,6,6,10,9,6,7,6,7,5,7,7,6,7,8,8,10,7,8,7,8,9,12,9,12,11,12,11,19,10,10,14,5
"French Defense: Advance Variation, Nimzowitsch System",8,8,8,11,8,7,11,8,8,9,8,8,8,9,8,8,8,7,8,8,9,8,7,8,8,8,8,7,7,11,11,10,6,8,8,8,7,8,8,8,8,7,8,7,7,8,8,8,7,8,11,13,9,8,7,10,9,11,12,11,8,11,7,7,6,6,8,9,3,7,7,6,7,7,11,9,11,11,9,7,9,9,11,10,12,12,6,6,7,9,3,5,4,12,6,6,6,6,5,6,14,6,8,8,9,8,10,9,13,8,13,14,14,5,5,5,4,5,5,5,7,10,3,5,2,0,6,7,8,6,6,7,7,8,10,11,12,7,8,8,8,6,7,7,7,8,8,6,7,6,7,7,7,7,9,7,7,8,9,8,10,11,11,8,9,10,11,10,8,9,10,12,11,9,9,10,14,11,8,9,9,9,9,10,11,8,8,8,12,11,8,9,8,9,7,9,9,8,9,10,10,12,9,10,9,10,11,14,11,14,13,14,13,21,12,12,16,7
"French Defense: Advance Variation, Paulsen Attack",10,10,10,13,10,9,13,10,10,11,10,10,10,11,10,10,10,9,10,10,11,10,9,10,10,10,10,9,9,13,13,12,8,10,10,10,9,10,10,10,10,9,10,9,9,10,10,10,9,10,13,15,11,10,9,12,11,13,14,13,10,13,9,9,8,8,10,11,5,9,9,8,9,9,13,11,13,13,11,9,11,11,13,12,14,14,8,8,9,11,5,7,6,14,8,8,8,8,7,8,16,8,10,10,11,10,12,11,15,10,15,16,16,7,7,7,6,7,7,7,9,12,5,7,4,6,0,9,10,8,8,9,9,10,12,13,14,9,10,10,10,8,9,9,9,10,10,8,9,8,9,9,9,9,11,9,9,10,11,10,12,13,13,10,11,12,13,12,10,11,12,14,13,11,11,12,16,13,10,11,11,11,11,12,13,10,10,10,14,13,10,11,10,11,9,11,11,10,11,12,12,14,11,12,11,12,13,16,13,16,15,16,15,23,14,14,18,9
French Defense: Rubinstein Variation,7,7,7,10,7,6,10,7,7,8,7,7,7,8,7,7,7,6,7,7,8,7,7,7,7,7,7,6,7,10,10,9,5,7,7,7,7,7,7,7,7,6,7,6,6,7,7,7,7,7,10,12,8,7,6,9,8,10,11,10,7,10,6,6,5,6,8,9,6,6,6,5,6,6,10,8,10,10,8,6,8,8,10,9,11,11,6,5,6,9,6,8,6,12,5,5,5,5,4,5,13,5,7,7,8,7,9,8,12,7,12,13,13,4,4,4,3,4,4,4,6,9,5,7,5,7,9,0,7,5,5,6,6,7,9,10,11,6,7,7,7,5,6,6,6,7,7,5,6,5,6,6,6,6,8,6,6,7,8,7,9,10,10,7,8,9,10,9,7,8,9,11,10,8,8,9,13,10,7,8,8,8,8,9,10,7,7,7,11,10,7,8,7,8,6,8,8,7,8,9,9,11,8,9,8,9,10,13,10,13,12,13,12,20,11,11,15,6
"French Defense: Classical Variation, Steinitz Variation",8,8,8,11,8,7,11,8,8,9,8,8,8,9,8,8,8,7,8,8,9,8,8,8,8,8,8,7,8,11,11,10,6,8,8,8,8,8,8,8,8,7,8,7,7,8,8,8,8,8,11,13,9,8,7,10,9,11,12,11,8,11,7,7,6,7,9,10,7,7,7,6,7,7,11,9,11,11,9,7,9,9,11,10,12,12,7,6,7,10,7,9,7,13,6,6,6,6,5,6,14,6,8,8,9,8,10,9,13,8,13,14,14,5,5,5,4,5,5,5,7,10,6,8,6,8,10,7,0,6,6,7,7,8,10,11,12,7,8,8,8,6,7,7,7,8,8,6,7,6,7,7,7,7,9,7,7,8,9,8,10,11,11,8,9,10,11,10,8,9,10,12,11,9,9,10,14,11,8,9,9,9,9,10,11,8,8,8,12,11,8,9,8,9,7,9,9,8,9,10,10,12,9,10,9,10,11,14,11,14,13,14,13,21,12,12,16,7
English Opening: The Whale,4,4,4,7,4,3,7,4,4,4,4,4,4,4,4,4,4,3,4,4,4,4,4,4,4,4,4,3,4,7,7,6,2,4,4,4,4,4,4,3,3,2,3,3,3,4,4,4,4,4,7,9,5,4,3,6,5,7,8,7,4,7,3,3,2,3,5,6,5,3,3,2,3,3,7,5,7,7,5,3,5,5,7,6,8,8,3,2,2,6,5,7,5,9,2,2,1,2,2,2,10,2,4,4,4,3,5,4,8,4,9,10,10,2,2,2,2,2,1,2,4,6,4,6,4,6,8,5,6,0,1,1,1,2,6,7,8,1,2,2,2,1,2,2,2,3,3,1,2,1,2,2,2,2,4,2,2,3,4,3,5,6,6,3,4,5,6,5,3,4,5,7,6,4,4,5,9,6,3,4,4,4,4,5,6,4,4,4,8,7,4,5,4,5,3,5,5,4,5,6,6,8,5,6,5,6,7,10,7,10,9,10,9,17,8,8,12,3
King's Pawn Game: Leonardis Variation,4,4,4,7,4,4,7,5,4,4,4,4,4,4,4,4,4,4,4,4,4,4,4,4,4,4,4,4,3,7,7,6,2,4,4,4,3,4,4,3,3,2,3,4,3,4,4,5,4,4,7,9,5,5,4,6,5,7,8,7,4,7,3,3,2,3,5,6,5,3,3,2,3,3,7,5,7,7,5,3,5,5,7,6,8,8,2,1,2,5,5,7,5,8,3,2,2,2,3,3,10,2,4,4,4,3,5,4,8,4,9,10,11,1,2,2,2,2,2,2,4,7,4,6,4,6,8,5,6,1,0,1,1,2,6,7,8,1,2,2,2,1,2,2,2,3,3,1,2,1,2,2,2,2,4,2,2,3,4,3,5,6,6,3,4,5,6,5,3,4,5,7,6,4,4,5,9,6,3,4,4,4,4,5,6,4,4,4,8,7,4,5,4,5,3,5,5,4,5,6,6,8,5,6,5,6,7,10,7,10,9,10,9,17,8,8,12,3
King's Pawn Game: Napoleon Attack,4,4,4,7,4,4,7,5,4,4,4,4,4,4,4,4,4,4,4,4,4,4,4,5,4,5,4,4,4,7,7,6,2,4,4,4,4,4,4,3,3,2,3,4,3,4,4,5,4,4,7,9,5,5,4,6,5,7,8,7,4,7,3,3,2,3,5,6,6,3,3,2,3,3,7,5,7,7,5,3,5,5,7,6,8,8,3,2,2,6,6,8,6,9,3,2,2,2,3,3,10,2,4,4,4,3,5,4,8,4,9,10,11,2,2,2,3,2,2,3,4,7,5,7,5,7,9,6,7,1,1,0,1,2,6,7,8,1,2,2,2,1,2,2,2,3,3,1,2,1,2,2,2,2,4,2,2,3,4,3,5,6,6,3,4,5,6,5,3,4,5,7,6,4,4,5,9,6,3,4,4,4,4,5,6,4,4,4,8,7,4,5,4,5,3,5,5,4,5,6,6,8,5,6,5,6,7,10,7,10,9,10,9,17,8,8,12,3
King's Pawn Game: Wayward Queen Attack,4,4,4,7,4,4,7,5,4,4,4,4,4,4,4,4,4,4,4,4,4,4,4,5,4,5,4,4,4,7,7,6,2,4,4,4,4,4,4,3,3,2,3,4,3,4,4,5,4,4,7,9,5,5,4,6,5,7,8,7,4,7,3,3,2,3,5,6,6,3,3,2,3,3,7,5,7,7,5,3,5,5,7,6,8,8,3,2,2,6,6,8,6,9,3,2,2,2,3,3,10,2,4,4,4,3,5,4,8,4,9,10,11,2,2,2,3,2,2,3,4,7,5,7,5,7,9,6,7,1,1,1,0,1,6,7,8,1,2,2,2,1,2,2,2,3,3,1,2,1,2,2,2,2,4,2,2,3,4,3,5,6,6,3,4,5,6,5,3,4,5,7,6,4,4,5,9,6,3,4,4,4,4,5,6,4,4,4,8,7,4,5,4,5,3,5,5,4,5,6,6,8,5,6,5,6,7,10,7,10,9,10,9,17,8,8,12,3
"King's Pawn Game: Wayward Queen Attack, Kiddie Countergambit",5,5,5,8,5,5,8,6,5,5,5,5,5,5,5,5,5,5,5,5,5,5,5,6,5,6,5,5,5,8,8,7,3,5,5,5,5,5,5,4,4,3,2,5,4,5,5,6,5,5,8,10,6,6,5,7,6,8,9,8,5,8,4,4,3,4,5,7,7,4,4,3,4,4,8,6,8,8,6,4,6,6,8,7,9,9,4,3,3,7,7,9,7,10,4,3,3,3,4,4,10,3,5,4,4,3,5,4,8,4,9,10,12,3,3,3,4,3,3,4,5,8,6,8,6,8,10,7,8,2,2,2,1,0,7,8,9,2,2,2,1,2,2,2,1,2,2,2,2,2,2,2,2,2,4,1,2,3,4,3,5,6,6,3,4,5,6,5,3,4,5,7,6,4,4,5,9,6,3,4,4,4,4,5,6,5,5,5,9,8,5,6,5,6,4,6,6,5,6,7,7,9,6,7,6,7,8,11,8,11,10,11,10,18,9,9,13,4
Danish Gambit,6,6,6,9,6,6,9,7,6,7,6,6,6,7,6,6,6,6,6,6,7,6,6,7,6,7,6,6,6,9,9,8,6,6,6,7,6,7,6,7,7,7,8,6,7,6,7,7,6,6,9,11,8,7,6,8,8,9,10,9,6,9,5,5,4,5,7,8,8,5,5,6,5,5,9,7,9,9,7,5,7,7,9,8,10,10,5,6,6,8,8,10,8,11,5,6,6,6,6,6,13,6,8,7,8,7,9,8,12,7,12,13,13,6,6,6,6,6,6,6,8,9,8,10,8,10,12,9,10,6,6,6,6,7,0,9,10,6,7,7,7,6,7,7,7,8,8,6,7,6,7,7,7,7,9,7,7,8,9,8,10,11,11,8,9,10,11,10,8,9,10,12,11,9,9,10,14,11,8,9,9,9,9,10,11,8,8,8,10,9,8,9,8,9,7,9,9,8,9,10,10,12,9,10,9,10,11,12,11,12,13,14,11,19,10,10,14,5
Center Game: Normal Variation,7,7,7,10,7,7,10,8,7,8,7,7,7,8,7,7,7,7,7,7,8,7,7,8,7,8,7,7,7,10,10,9,7,7,7,8,7,8,7,8,8,8,9,7,8,7,8,8,7,7,10,12,9,8,7,9,9,10,11,10,7,10,6,6,5,6,8,9,9,6,6,7,6,6,10,8,10,10,8,6,8,8,10,9,11,11,6,7,7,9,9,11,9,12,6,7,7,7,7,7,14,7,9,8,9,8,10,9,13,8,13,14,14,7,7,7,7,7,7,7,9,10,9,11,9,11,13,10,11,7,7,7,7,8,9,0,1,7,8,8,8,7,8,8,8,9,9,7,8,7,8,8,8,8,10,8,8,9,10,9,11,12,12,9,10,11,12,11,9,10,11,13,12,10,10,11,15,12,9,10,10,10,10,11,12,9,9,9,11,10,9,10,9,10,8,10,10,9,10,11,11,13,10,11,10,11,12,13,12,13,14,15,12,20,11,11,15,6
Center Game: Paulsen Attack Variation,8,8,8,11,8,8,11,9,8,9,8,8,8,9,8,8,8,8,8,8,9,8,8,9,8,9,8,8,8,11,11,10,8,8,8,9,8,9,8,9,9,9,10,8,9,8,9,9,8,8,11,13,10,9,8,10,10,11,12,11,8,11,7,7,6,7,9,10,10,7,7,8,7,7,11,9,11,11,9,7,9,9,11,10,12,12,7,8,8,10,10,12,10,13,7,8,8,8,8,8,15,8,10,9,10,9,11,10,14,9,14,15,15,8,8,8,8,8,8,8,10,11,10,12,10,12,14,11,12,8,8,8,8,9,10,1,0,8,9,9,9,8,9,9,9,10,10,8,9,8,9,9,9,9,11,9,9,10,11,10,12,13,13,10,11,12,13,12,10,11,12,14,13,11,11,12,16,13,10,11,11,11,11,12,13,10,10,10,12,11,10,11,10,11,9,11,11,10,11,12,12,14,11,12,11,12,13,14,13,14,15,16,13,21,12,12,16,7
Bishop's Opening,4,4,4,7,4,3,7,4,4,4,4,4,4,4,4,4,4,3,4,4,4,4,4,4,4,4,4,3,3,7,7,6,2,4,4,4,3,4,4,3,3,2,3,3,3,4,4,4,4,4,7,9,5,4,3,6,5,7,8,7,4,7,3,3,2,3,5,6,6,3,3,2,3,3,7,5,7,7,5,3,5,5,7,6,8,8,2,2,1,5,5,7,5,8,2,1,2,2,2,2,10,2,4,4,4,3,5,4,8,4,9,10,10,2,2,2,3,2,2,3,4,6,5,7,5,7,9,6,7,1,1,1,1,2,6,7,8,0,1,1,1,1,2,2,2,3,3,1,2,1,2,2,2,2,4,2,2,3,4,3,5,6,6,3,4,5,6,5,3,4,5,7,6,4,4,5,9,6,3,4,4,4,4,5,6,4,4,4,8,7,4,5,4,5,3,5,5,4,5,6,6,8,5,6,5,6,7,10,7,10,9,10,9,17,8,8,12,3
Bishop's Opening: Boi Variation,5,5,5,8,5,4,8,5,5,5,5,5,5,5,5,5,5,4,5,5,5,5,5,5,5,5,5,4,4,8,8,7,3,5,5,5,4,5,5,4,4,3,3,4,4,5,5,5,5,5,8,10,6,5,4,7,6,8,9,8,5,8,4,4,3,4,5,7,7,4,4,3,4,4,8,6,8,8,6,4,6,6,8,7,9,9,3,3,2,6,6,8,6,9,3,2,3,3,3,3,10,3,5,4,4,3,5,4,8,4,9,10,11,3,3,3,4,3,3,4,5,7,6,8,6,8,10,7,8,2,2,2,2,2,7,8,9,1,0,1,1,2,1,2,2,3,3,2,2,2,1,2,2,2,4,2,2,3,4,3,5,6,6,3,4,5,6,5,3,4,5,7,6,4,4,5,9,6,3,4,4,4,4,5,6,5,5,5,9,8,5,6,5,6,4,6,6,5,6,7,7,9,6,7,6,7,8,11,8,11,10,11,10,18,9,9,13,4
Bishop's Opening: Philidor Counterattack,5,5,5,8,5,4,8,5,5,5,5,5,5,5,5,5,5,4,5,5,5,5,5,5,5,5,5,4,4,8,8,7,3,5,5,5,4,5,5,4,4,3,3,4,4,5,5,5,5,5,8,10,6,5,4,7,6,8,9,8,5,8,4,4,3,4,6,7,7,4,4,3,4,4,8,6,8,8,6,4,6,6,8,7,9,9,3,3,2,6,6,8,6,9,3,2,3,3,3,3,11,3,5,5,5,4,6,5,9,5,10,11,11,3,3,3,4,3,3,4,5,7,6,8,6,8,10,7,8,2,2,2,2,2,7,8,9,1,1,0,1,2,2,3,2,3,3,2,3,2,2,3,3,3,5,2,3,4,5,4,6,7,7,4,5,6,7,6,4,5,6,8,7,5,5,6,10,7,4,5,5,5,5,6,7,5,5,5,9,8,5,6,5,6,4,6,6,5,6,7,7,9,6,7,6,7,8,11,8,11,10,11,10,18,9,9,13,4
Bishop's Opening: Berlin Defense,5,5,5,8,5,4,8,5,5,5,5,5,5,5,5,5,5,4,5,5,5,5,5,5,5,5,5,4,4,8,8,7,3,5,5,5,4,5,5,4,4,3,2,4,4,5,5,5,5,5,8,10,6,5,4,7,6,8,9,8,5,8,4,4,3,4,5,7,7,4,4,3,4,4,8,6,8,8,6,4,6,6,8,7,9,9,3,3,2,6,6,8,6,9,3,2,3,3,3,3,10,3,5,4,4,3,5,4,8,4,9,10,11,3,3,3,4,3,3,4,5,7,6,8,6,8,10,7,8,2,2,2,2,1,7,8,9,1,1,1,0,2,2,2,1,2,2,2,2,2,2,2,2,2,4,1,2,3,4,3,5,6,6,3,4,5,6,5,3,4,5,7,6,4,4,5,9,6,3,4,4,4,4,5,6,5,5,5,9,8,5,6,5,6,4,6,6,5,6,7,7,9,6,7,6,7,8,11,8,11,10,11,10,18,9,9,13,4
Vienna Game,4,4,4,7,4,3,7,4,4,3,4,4,4,3,4,4,4,3,4,4,3,4,4,4,4,4,4,3,4,7,7,6,2,3,3,3,3,3,3,2,2,1,2,3,2,4,3,4,4,4,7,9,5,4,3,6,5,7,8,7,4,7,3,3,2,3,5,6,5,3,3,2,3,3,7,5,7,7,5,3,5,5,7,6,8,8,3,2,2,6,5,7,5,9,2,2,2,2,2,2,10,1,3,4,4,3,5,4,8,4,9,10,10,2,2,2,2,1,2,2,4,6,4,6,4,6,8,5,6,1,1,1,1,2,6,7,8,1,2,2,2,0,1,1,1,2,2,1,2,1,2,2,2,2,4,2,2,3,4,3,5,6,6,3,4,5,6,5,3,4,5,7,6,4,4,5,9,6,3,4,4,4,4,5,6,4,4,4,8,7,4,5,4,5,3,5,5,4,5,6,6,8,5,6,5,6,7,10,7,10,9,10,9,17,8,8,12,3
Vienna Game: Anderssen Defense,5,5,5,8,5,4,8,5,5,4,5,5,5,4,5,5,5,4,5,5,4,5,5,5,5,5,5,4,5,8,8,7,3,4,4,4,4,4,4,3,3,2,2,4,3,5,4,5,5,5,8,10,6,5,4,7,6,8,9,8,5,8,4,4,3,4,5,7,6,4,4,3,4,4,8,6,8,8,6,4,6,6,8,7,9,9,4,3,3,7,6,8,6,10,3,3,3,3,3,3,10,2,4,4,4,3,5,4,8,4,9,10,11,3,3,3,3,2,3,3,5,7,5,7,5,7,9,6,7,2,2,2,2,2,7,8,9,2,1,2,2,1,0,1,1,2,2,2,2,2,1,2,2,2,4,2,2,3,4,3,5,6,6,3,4,5,6,5,3,4,5,7,6,4,4,5,9,6,3,4,4,4,4,5,6,5,5,5,9,8,5,6,5,6,4,6,6,5,6,7,7,9,6,7,6,7,8,11,8,11,10,11,10,18,9,9,13,4
Vienna Game: Max Lange Defense,5,5,5,8,5,4,8,5,5,4,5,5,5,4,5,5,5,4,5,5,4,5,5,5,5,5,5,4,5,8,8,7,3,4,4,4,4,4,4,3,3,2,2,4,3,5,4,5,5,5,8,10,6,5,4,7,6,8,9,8,5,8,4,4,3,4,4,7,6,4,4,3,4,4,8,6,8,8,6,4,6,6,8,7,9,9,4,3,3,7,6,8,6,10,3,3,3,3,3,3,9,2,4,3,3,2,4,3,7,3,8,9,11,3,3,3,3,2,3,3,5,7,5,7,5,7,9,6,7,2,2,2,2,2,7,8,9,2,2,3,2,1,1,0,1,2,2,2,2,2,2,2,2,2,4,2,1,2,3,2,4,5,5,2,3,4,5,4,2,3,4,6,5,3,3,4,8,5,2,3,3,3,3,4,5,5,5,5,9,8,5,6,5,6,4,6,6,5,6,7,7,9,6,7,6,7,8,11,8,11,10,11,10,18,9,9,13,4
Vienna Game: Falkbeer Variation,5,5,5,8,5,4,8,5,5,4,5,5,5,4,5,5,5,4,5,5,4,5,5,5,5,5,5,4,5,8,8,7,3,4,4,4,4,4,4,3,3,2,1,4,3,5,4,5,5,5,8,10,6,5,4,7,6,8,9,8,5,8,4,4,3,4,5,7,6,4,4,3,4,4,8,6,8,8,6,4,6,6,8,7,9,9,4,3,3,7,6,8,6,10,3,3,3,3,3,3,10,2,4,4,4,3,5,4,8,4,9,10,11,3,3,3,3,2,3,3,5,7,5,7,5,7,9,6,7,2,2,2,2,1,7,8,9,2,2,2,1,1,1,1,0,1,1,2,2,2,2,2,2,2,4,1,2,3,4,3,5,6,6,3,4,5,6,5,3,4,5,7,6,4,4,5,9,6,3,4,4,4,4,5,6,5,5,5,9,8,5,6,5,6,4,6,6,5,6,7,7,9,6,7,6,7,8,11,8,11,10,11,10,18,9,9,13,4
Vienna Game: Stanley Variation,6,6,6,9,6,5,9,6,6,5,6,6,6,5,6,6,6,5,6,6,5,6,6,6,6,6,6,5,6,9,9,8,4,5,5,5,5,5,5,4,4,3,2,5,4,6,5,6,6,6,9,11,7,6,5,8,7,9,10,9,6,9,5,5,4,5,6,8,7,5,5,4,5,5,9,7,9,9,7,5,7,7,9,8,10,10,5,4,4,8,7,9,7,11,4,4,4,4,4,4,11,3,5,5,5,4,6,5,9,5,10,11,12,4,4,4,4,3,4,4,6,8,6,8,6,8,10,7,8,3,3,3,3,2,8,9,10,3,3,3,2,2,2,2,1,0,1,3,3,3,3,3,3,3,5,2,3,4,5,4,6,7,7,4,5,6,7,6,4,5,6,8,7,5,5,6,10,7,4,5,5,5,5,6,7,6,6,6,10,9,6,7,6,7,5,7,7,6,7,8,8,10,7,8,7,8,9,12,9,12,11,12,11,19,10,10,14,5
Vienna Game: Vienna Gambit,6,6,6,9,6,5,9,6,6,5,6,6,6,5,6,6,6,5,6,6,5,6,6,6,6,6,6,5,6,9,9,8,4,5,5,5,5,5,5,4,4,3,2,5,4,6,5,6,6,6,9,11,7,6,5,8,7,9,10,9,6,9,5,5,4,5,6,8,7,5,5,4,5,5,9,7,9,9,7,5,7,7,9,8,10,10,5,4,4,8,7,9,7,11,4,4,4,4,4,4,11,3,5,5,5,4,6,5,9,5,10,11,12,4,4,4,4,3,4,4,6,8,6,8,6,8,10,7,8,3,3,3,3,2,8,9,10,3,3,3,2,2,2,2,1,1,0,3,3,3,3,3,3,3,5,2,3,4,5,4,6,7,7,4,5,6,7,6,4,5,6,8,7,5,5,6,10,7,4,5,5,5,5,6,7,6,6,6,10,9,6,7,6,7,5,7,7,6,7,8,8,10,7,8,7,8,9,12,9,12,11,12,11,19,10,10,14,5
King's Gambit,4,4,4,7,4,3,7,4,4,4,4,4,4,4,4,4,4,3,4,4,4,4,4,4,3,4,4,3,4,7,7,6,2,4,4,4,4,4,4,3,3,2,3,3,3,4,4,4,4,4,7,9,5,4,3,6,5,7,8,7,4,7,3,3,2,3,5,6,5,3,2,1,3,3,7,5,7,7,5,3,5,5,7,6,8,7,3,2,2,6,5,7,5,9,2,2,2,1,2,2,10,2,4,4,4,3,5,4,8,4,9,10,10,2,2,1,2,2,2,2,4,6,4,6,4,6,8,5,6,1,1,1,1,2,6,7,8,1,2,2,2,1,2,2,2,3,3,0,2,1,2,2,2,2,4,2,2,3,4,3,5,6,6,3,4,5,6,5,3,4,5,7,6,4,4,5,9,6,3,4,4,4,4,5,6,4,4,4,8,7,4,5,4,5,3,5,5,4,5,6,6,8,5,6,5,6,7,10,7,10,9,10,9,17,8,8,12,3
Elephant Gambit,5,5,5,8,5,5,8,6,5,5,5,5,5,5,5,5,4,5,5,5,5,4,5,6,5,6,5,5,5,8,8,7,2,5,4,5,5,5,5,4,4,3,3,5,4,5,5,6,5,5,8,10,5,6,5,7,5,8,9,8,5,8,4,4,3,4,4,7,6,4,4,3,4,3,7,5,7,7,5,4,6,6,8,7,9,9,4,3,3,7,6,8,6,10,4,3,3,3,4,4,9,3,5,3,3,2,4,3,7,3,8,9,12,3,2,3,3,3,3,3,4,8,5,7,5,7,9,6,7,2,2,2,2,2,7,8,9,2,2,3,2,2,2,2,2,3,3,2,0,1,1,1,1,1,3,1,1,2,3,2,4,5,5,2,3,4,5,4,2,3,4,6,5,3,3,4,8,5,2,3,3,3,3,4,5,4,4,4,9,8,4,5,4,5,3,5,5,4,5,6,6,8,5,6,5,6,7,11,7,11,9,10,10,18,9,9,13,4
King's Knight Opening,4,4,4,7,4,4,7,5,4,4,4,4,4,4,4,4,3,4,4,4,4,3,4,5,4,5,4,4,4,7,7,6,1,4,3,4,4,4,4,3,3,2,3,4,3,4,4,5,4,4,7,9,4,5,4,6,4,7,8,7,4,7,3,3,2,3,4,6,5,3,3,2,3,2,6,4,6,6,4,3,5,5,7,6,8,8,3,2,2,6,5,7,5,9,3,2,2,2,3,3,9,2,4,3,3,2,4,3,7,3,8,9,11,2,1,2,2,2,2,2,3,7,4,6,4,6,8,5,6,1,1,1,1,2,6,7,8,1,2,2,2,1,2,2,2,3,3,1,1,0,1,1,1,1,3,1,1,2,3,2,4,5,5,2,3,4,5,4,2,3,4,6,5,3,3,4,8,5,2,3,3,3,3,4,5,3,3,3,8,7,3,4,3,4,2,4,4,3,4,5,5,7,4,5,4,5,6,10,6,10,8,9,9,17,8,8,12,3
King's Pawn Game: Busch-Gass Gambit,5,5,5,8,5,5,8,6,5,5,5,5,5,5,5,5,4,5,5,5,5,4,5,6,5,6,5,5,5,8,8,7,2,5,4,5,5,5,5,4,4,3,3,5,4,5,5,6,5,5,8,10,5,6,5,7,5,8,9,8,5,8,4,4,3,4,4,7,6,4,4,3,4,3,7,5,7,7,5,4,6,6,8,7,9,9,4,3,3,7,6,8,6,10,4,3,3,3,4,4,9,3,5,3,3,2,4,3,7,3,8,9,12,3,2,3,3,3,3,3,4,8,5,7,5,7,9,6,7,2,2,2,2,2,7,8,9,2,1,2,2,2,1,2,2,3,3,2,1,1,0,1,1,1,3,1,1,2,3,2,4,5,5,2,3,4,5,4,2,3,4,6,5,3,3,4,8,5,2,3,3,3,3,4,5,4,4,4,9,8,4,5,4,5,3,5,5,4,5,6,6,8,5,6,5,6,7,11,7,11,9,10,10,18,9,9,13,4
King's Pawn Game: Damiano Defense,5,5,5,8,5,5,8,6,5,5,5,5,5,5,5,5,4,5,5,5,5,4,5,6,5,6,5,5,5,8,8,7,2,5,4,5,5,5,5,4,4,3,3,5,4,5,5,6,5,5,8,10,5,6,5,7,5,8,9,8,5,8,4,4,3,4,4,7,6,4,4,3,4,3,7,5,7,7,5,4,6,6,8,7,9,9,4,3,3,7,6,8,6,10,4,3,3,3,4,4,9,3,5,3,3,2,4,3,7,3,8,9,12,3,2,3,3,3,3,3,4,8,5,7,5,7,9,6,7,2,2,2,2,2,7,8,9,2,2,3,2,2,2,2,2,3,3,2,1,1,1,0,1,1,3,1,1,2,3,2,4,5,5,2,3,4,5,4,2,3,4,6,5,3,3,4,8,5,2,3,3,3,3,4,5,4,4,4,9,8,4,5,4,5,3,5,5,4,5,6,6,8,5,6,5,6,7,11,7,11,9,10,10,18,9,9,13,4
King's Pawn Game: McConnell Defense,5,5,5,8,5,5,8,6,5,5,5,5,5,5,5,5,4,5,5,5,5,4,5,6,5,6,5,5,5,8,8,7,2,5,4,5,5,5,5,4,4,3,3,5,4,5,5,6,5,5,8,10,5,6,5,7,5,8,9,8,5,8,4,4,3,4,4,7,6,4,4,3,4,3,7,5,7,7,5,4,6,6,8,7,9,9,4,3,3,7,6,8,6,10,4,3,3,3,4,4,9,3,5,3,3,2,4,3,7,3,8,9,12,3,2,3,3,3,3,3,4,8,5,7,5,7,9,6,7,2,2,2,2,2,7,8,9,2,2,3,2,2,2,2,2,3,3,2,1,1,1,1,0,1,3,1,1,2,3,2,4,5,5,2,3,4,5,4,2,3,4,6,5,3,3,4,8,5,2,3,3,3,3,4,5,4,4,4,9,8,4,5,4,5,3,5,5,4,5,6,6,8,5,6,5,6,7,11,7,11,9,10,10,18,9,9,13,4
Philidor Defense,5,5,5,8,5,5,8,6,5,5,5,5,5,5,5,5,4,5,5,5,5,4,5,6,5,6,5,5,5,8,8,7,2,5,4,5,5,5,5,4,4,3,3,5,4,5,5,6,5,5,8,10,5,6,5,7,5,8,9,8,5,8,4,4,3,4,4,7,6,4,4,3,4,3,7,5,7,7,5,4,6,6,8,7,9,9,4,3,3,7,6,8,6,10,4,3,3,3,4,4,9,3,5,3,3,2,4,3,7,3,8,9,12,3,2,3,3,3,3,3,4,8,5,7,5,7,9,6,7,2,2,2,2,2,7,8,9,2,2,3,2,2,2,2,2,3,3,2,1,1,1,1,1,0,2,1,1,2,3,2,4,5,5,2,3,4,5,4,2,3,4,6,5,3,3,4,8,5,2,3,3,3,3,4,5,4,4,4,9,8,4,5,4,5,3,5,5,4,5,6,6,8,5,6,5,6,7,11,7,11,9,10,10,18,9,9,13,4
Philidor Defense: Exchange Variation,7,7,7,10,7,7,10,8,7,7,7,7,7,7,7,7,6,7,7,7,7,6,7,8,7,8,7,7,7,10,10,9,4,7,6,7,7,7,7,6,6,5,5,7,6,7,7,8,7,7,10,12,7,8,7,9,7,10,11,10,7,10,6,6,5,6,6,9,8,6,6,5,6,5,9,7,9,9,7,6,8,8,10,9,11,11,6,5,5,9,8,10,8,12,6,5,5,5,6,6,11,5,7,5,5,4,6,5,9,5,10,11,14,5,4,5,5,5,5,5,6,10,7,9,7,9,11,8,9,4,4,4,4,4,9,10,11,4,4,5,4,4,4,4,4,5,5,4,3,3,3,3,3,2,0,3,3,4,5,4,6,7,7,4,5,6,7,6,4,5,6,8,7,5,5,6,10,7,4,5,5,5,5,6,7,6,6,6,11,10,6,7,6,7,5,7,7,6,7,8,8,10,7,8,7,8,9,13,9,13,11,12,12,20,11,11,15,6
Petrov's Defense,5,5,5,8,5,5,8,6,5,5,5,5,5,5,5,5,4,5,5,5,5,4,5,6,5,6,5,5,5,8,8,7,2,5,4,5,5,5,5,4,4,3,2,5,4,5,5,6,5,5,8,10,5,6,5,7,5,8,9,8,5,8,4,4,3,4,4,7,6,4,4,3,4,3,7,5,7,7,5,4,6,6,8,7,9,9,4,3,3,7,6,8,6,10,4,3,3,3,4,4,9,3,5,3,3,2,4,3,7,3,8,9,12,3,2,3,3,3,3,3,4,8,5,7,5,7,9,6,7,2,2,2,2,1,7,8,9,2,2,2,1,2,2,2,1,2,2,2,1,1,1,1,1,1,3,0,1,2,3,2,4,5,5,2,3,4,5,4,2,3,4,6,5,3,3,4,8,5,2,3,3,3,3,4,5,4,4,4,9,8,4,5,4,5,3,5,5,4,5,6,6,8,5,6,5,6,7,11,7,11,9,10,10,18,9,9,13,4
King's Knight Opening: Normal Variation,5,5,5,8,5,4,8,5,5,5,5,5,5,5,5,5,4,4,5,5,5,4,5,5,5,5,5,4,5,8,8,7,2,5,4,5,5,5,5,4,4,3,3,4,4,5,5,5,5,5,8,10,5,5,4,7,5,8,9,8,5,8,4,4,3,4,3,7,6,4,4,3,4,3,7,5,7,7,5,4,6,6,8,7,9,9,4,3,3,7,6,8,6,10,3,3,3,3,4,4,8,3,5,2,2,1,3,2,6,2,7,8,11,3,2,3,3,3,3,3,4,7,5,7,5,7,9,6,7,2,2,2,2,2,7,8,9,2,2,3,2,2,2,1,2,3,3,2,1,1,1,1,1,1,3,1,0,1,2,1,3,4,4,1,2,3,4,3,1,2,3,5,4,2,2,3,7,4,1,2,2,2,2,3,4,4,4,4,9,8,4,5,4,5,3,5,5,4,5,6,6,8,5,6,5,6,7,11,7,11,9,10,10,18,9,9,13,4
Ponziani Opening,6,6,6,9,6,5,9,6,6,6,6,6,6,6,6,6,5,5,6,6,6,5,6,6,6,6,6,5,6,9,9,8,3,6,5,6,6,6,6,5,5,4,4,5,5,6,6,6,6,6,9,11,6,6,5,8,6,9,10,9,6,9,5,5,4,5,4,8,7,5,5,4,5,4,8,6,8,8,6,5,7,7,9,8,10,10,5,4,4,8,7,9,7,11,4,4,4,4,5,5,9,4,6,3,2,2,3,2,6,3,8,9,12,4,3,4,4,4,4,4,5,8,6,8,6,8,10,7,8,3,3,3,3,3,8,9,10,3,3,4,3,3,3,2,3,4,4,3,2,2,2,2,2,2,4,2,1,0,1,1,3,4,4,1,2,3,4,3,1,2,3,5,4,2,2,3,7,4,1,2,2,2,2,3,4,5,5,5,10,9,5,6,5,6,4,6,6,5,6,7,7,9,6,7,6,7,8,12,8,12,10,11,11,19,10,10,14,5
Ponziani Opening: Jaenisch Counterattack,7,7,7,10,7,6,10,7,7,7,7,7,7,7,7,7,6,6,7,7,7,6,7,7,7,7,7,6,7,10,10,9,4,7,6,7,7,7,7,6,6,5,5,6,6,7,7,7,7,7,10,12,7,7,6,9,7,10,11,10,7,10,6,6,5,6,5,9,8,6,6,5,6,5,9,7,9,9,7,6,8,8,10,9,11,11,6,5,5,9,8,10,8,12,5,5,5,5,6,6,10,5,7,4,3,3,4,3,7,4,9,10,13,5,4,5,5,5,5,5,6,9,7,9,7,9,11,8,9,4,4,4,4,4,9,10,11,4,4,5,4,4,4,3,4,5,5,4,3,3,3,3,3,3,5,3,2,1,0,2,4,5,5,2,1,2,3,2,2,2,3,5,3,2,1,2,6,3,2,3,3,3,3,4,5,6,6,6,11,10,6,7,6,7,5,7,7,6,7,8,8,10,7,8,7,8,9,13,9,13,11,12,12,20,11,11,15,6
Scotch Game,6,6,6,9,6,5,9,6,6,6,6,6,6,6,6,6,5,5,6,6,6,5,6,6,6,6,6,5,6,9,9,8,3,6,5,6,6,6,6,5,5,4,4,5,5,6,6,6,6,6,9,11,6,6,5,8,6,9,10,9,6,9,5,5,4,5,4,8,7,5,5,4,5,4,8,6,8,8,6,5,7,7,9,8,10,10,5,4,4,8,7,9,7,11,4,4,4,4,5,5,9,4,6,3,2,2,2,1,5,3,8,9,12,4,3,4,4,4,4,4,5,8,6,8,6,8,10,7,8,3,3,3,3,3,8,9,10,3,3,4,3,3,3,2,3,4,4,3,2,2,2,2,2,2,4,2,1,1,2,0,2,3,3,1,2,3,4,3,1,2,3,5,4,2,2,3,7,4,1,2,2,2,2,3,4,5,5,5,10,9,5,6,5,6,4,6,6,5,6,7,7,9,6,7,6,7,8,12,8,12,10,11,11,19,10,10,14,5
Scotch Game: Scotch Gambit,8,8,8,11,8,7,11,8,8,8,8,8,8,8,8,8,7,7,8,8,8,7,8,8,8,8,8,7,8,11,11,10,5,8,7,8,8,8,8,7,7,6,6,7,7,8,8,8,8,8,11,13,8,8,7,10,8,11,12,11,8,11,7,7,6,7,6,10,9,7,7,6,7,6,10,8,10,10,8,7,9,9,11,10,12,12,7,6,6,10,9,11,9,13,6,6,6,6,7,7,11,6,8,5,4,4,4,3,7,5,10,11,14,6,5,6,6,6,6,6,7,10,8,10,8,10,12,9,10,5,5,5,5,5,10,11,12,5,5,6,5,5,5,4,5,6,6,5,4,4,4,4,4,4,6,4,3,3,4,2,0,5,5,3,4,5,6,5,3,4,5,7,6,4,4,5,9,6,3,4,4,4,4,5,6,7,7,7,12,11,7,8,7,8,6,8,8,7,8,9,9,11,8,9,8,9,10,14,10,14,12,13,13,21,12,12,16,7
Scotch Game: Classical Variation,9,9,9,12,9,8,12,9,9,9,9,9,9,9,9,9,8,8,9,9,9,8,9,9,9,9,9,8,9,12,12,11,6,9,8,9,9,9,9,8,8,7,7,8,8,9,9,9,9,9,12,14,9,9,8,11,9,12,13,12,9,12,8,8,7,8,7,11,10,8,8,7,8,7,11,9,11,11,9,8,10,10,12,11,13,13,8,7,7,11,10,12,10,14,7,7,7,7,8,8,12,7,9,6,5,5,5,4,8,6,11,12,15,7,6,7,7,7,7,7,8,11,9,11,9,11,13,10,11,6,6,6,6,6,11,12,13,6,6,7,6,6,6,5,6,7,7,6,5,5,5,5,5,5,7,5,4,4,5,3,5,0,1,4,5,6,7,6,4,5,6,8,7,5,5,6,10,7,4,5,5,5,5,6,7,8,8,8,13,12,8,9,8,9,7,9,9,8,9,10,10,12,9,10,9,10,11,15,11,15,13,14,14,22,13,13,17,8
Scotch Game: Schmidt Variation,9,9,9,12,9,8,12,9,9,9,9,9,9,9,9,9,8,8,9,9,9,8,9,9,9,9,9,8,9,12,12,11,6,9,8,9,9,9,9,8,8,7,7,8,8,9,9,9,9,9,12,14,9,9,8,11,9,12,13,12,9,12,8,8,7,8,7,11,10,8,8,7,8,7,11,9,11,11,9,8,10,10,12,11,13,13,8,7,7,11,10,12,10,14,7,7,7,7,8,8,12,7,9,6,5,5,5,4,8,6,11,12,15,7,6,7,7,7,7,7,8,11,9,11,9,11,13,10,11,6,6,6,6,6,11,12,13,6,6,7,6,6,6,5,6,7,7,6,5,5,5,5,5,5,7,5,4,4,5,3,5,1,0,4,5,6,7,6,4,5,6,8,7,5,5,6,10,7,4,5,5,5,5,6,7,8,8,8,13,12,8,9,8,9,7,9,9,8,9,10,10,12,9,10,9,10,11,15,11,15,13,14,14,22,13,13,17,8
Three Knights Opening,6,6,6,9,6,5,9,6,6,6,6,6,6,6,6,6,5,5,6,6,6,5,6,6,6,6,6,5,6,9,9,8,3,6,5,6,6,6,6,5,5,4,4,5,5,6,6,6,6,6,9,11,6,6,5,8,6,9,10,9,6,9,5,5,4,5,4,8,7,5,5,4,5,4,8,6,8,8,6,5,7,7,9,8,10,10,5,4,4,8,7,9,7,11,4,4,4,4,5,5,9,4,6,3,2,2,3,2,6,3,8,9,12,4,3,4,4,4,4,4,5,8,6,8,6,8,10,7,8,3,3,3,3,3,8,9,10,3,3,4,3,3,3,2,3,4,4,3,2,2,2,2,2,2,4,2,1,1,2,1,3,4,4,0,1,3,3,2,1,2,3,5,4,2,2,3,7,4,1,2,2,2,2,3,4,5,5,5,10,9,5,6,5,6,4,6,6,5,6,7,7,9,6,7,6,7,8,12,8,12,10,11,11,19,10,10,14,5
Four Knights Game,7,7,7,10,7,6,10,7,7,7,7,7,7,7,7,7,6,6,7,7,7,6,7,7,7,7,7,6,7,10,10,9,4,7,6,7,7,7,7,6,6,5,5,6,6,7,7,7,7,7,10,12,7,7,6,9,7,10,11,10,7,10,6,6,5,6,5,9,8,6,6,5,6,5,9,7,9,9,7,6,8,8,10,9,11,11,6,5,5,9,8,10,8,12,5,5,5,5,6,6,10,5,7,4,3,3,4,3,7,4,9,10,13,5,4,5,5,5,5,5,6,9,7,9,7,9,11,8,9,4,4,4,4,4,9,10,11,4,4,5,4,4,4,3,4,5,5,4,3,3,3,3,3,3,5,3,2,2,1,2,4,5,5,1,0,2,2,1,2,2,3,5,3,2,1,2,6,3,2,3,3,3,3,4,5,6,6,6,11,10,6,7,6,7,5,7,7,6,7,8,8,10,7,8,7,8,9,13,9,13,11,12,12,20,11,11,15,6
Four Knights Game: Italian Variation,8,8,8,11,8,7,11,8,8,8,8,8,8,8,8,8,7,7,8,8,8,7,8,8,8,8,8,7,8,11,11,10,5,8,7,8,8,8,8,7,7,6,6,7,7,8,8,8,8,8,11,13,8,8,7,10,8,11,12,11,8,11,7,7,6,7,6,10,9,7,7,6,7,6,10,8,10,10,8,7,9,9,11,10,12,12,7,6,6,10,9,11,9,13,6,6,6,6,7,7,11,6,8,5,4,4,5,4,8,5,10,11,14,6,5,6,6,6,6,6,7,10,8,10,8,10,12,9,10,5,5,5,5,5,10,11,12,5,5,6,5,5,5,4,5,6,6,5,4,4,4,4,4,4,6,4,3,3,2,3,5,6,6,3,2,0,4,3,2,2,2,4,2,2,1,1,6,3,3,4,4,4,4,5,6,7,7,7,12,11,7,8,7,8,6,8,8,7,8,9,9,11,8,9,8,9,10,14,10,14,12,13,13,21,12,12,16,7
Four Knights Game: Scotch Variation Accepted,9,9,9,12,9,8,12,9,9,9,9,9,9,9,9,9,8,8,9,9,9,8,9,9,9,9,9,8,9,12,12,11,6,9,8,9,9,9,9,8,8,7,7,8,8,9,9,9,9,9,12,14,9,9,8,11,9,12,13,12,9,12,8,8,7,8,7,11,10,8,8,7,8,7,11,9,11,11,9,8,10,10,12,11,13,13,8,7,7,11,10,12,10,14,7,7,7,7,8,8,12,7,9,6,5,5,6,5,9,6,11,12,15,7,6,7,7,7,7,7,8,11,9,11,9,11,13,10,11,6,6,6,6,6,11,12,13,6,6,7,6,6,6,5,6,7,7,6,5,5,5,5,5,5,7,5,4,4,3,4,6,7,7,3,2,4,0,3,4,4,5,7,5,4,3,4,8,5,4,5,5,5,5,6,7,8,8,8,13,12,8,9,8,9,7,9,9,8,9,10,10,12,9,10,9,10,11,15,11,15,13,14,14,22,13,13,17,8
Four Knights Game: Spanish Variation,8,8,8,11,8,7,11,8,8,8,8,8,8,8,8,8,7,7,8,8,8,7,8,8,8,8,8,7,8,11,11,10,5,8,7,8,8,8,8,7,7,6,6,7,7,8,8,8,8,8,11,13,8,8,7,10,8,11,12,11,8,11,7,7,6,7,6,10,9,7,7,6,7,6,10,8,10,10,8,7,9,9,11,10,12,12,7,6,6,10,9,11,9,13,6,6,6,6,7,7,11,6,8,5,4,4,5,4,8,5,10,11,14,6,5,6,6,6,6,6,7,10,8,10,8,10,12,9,10,5,5,5,5,5,10,11,12,5,5,6,5,5,5,4,5,6,6,5,4,4,4,4,4,4,6,4,3,3,2,3,5,6,6,2,1,3,3,0,3,3,4,6,4,3,2,3,7,4,3,4,4,4,4,5,6,7,7,7,12,11,7,8,7,8,6,8,8,7,8,9,9,11,8,9,8,9,10,14,10,14,12,13,13,21,12,12,16,7
Italian Game,6,6,6,9,6,5,9,6,6,6,6,6,6,6,6,6,5,5,6,6,6,5,6,6,6,6,6,5,6,9,9,8,3,6,5,6,6,6,6,5,5,4,4,5,5,6,6,6,6,6,9,11,6,6,5,8,6,9,10,9,6,9,5,5,4,5,4,8,7,5,5,4,5,4,8,6,8,8,6,5,7,7,9,8,10,10,5,4,4,8,7,9,7,11,4,4,4,4,5,5,9,4,6,3,2,2,3,2,6,3,8,9,12,4,3,4,4,4,4,4,5,8,6,8,6,8,10,7,8,3,3,3,3,3,8,9,10,3,3,4,3,3,3,2,3,4,4,3,2,2,2,2,2,2,4,2,1,1,2,1,3,4,4,1,2,2,4,3,0,1,2,4,3,1,1,2,6,3,1,2,2,2,2,3,4,5,5,5,10,9,5,6,5,6,4,6,6,5,6,7,7,9,6,7,6,7,8,12,8,12,10,11,11,19,10,10,14,5
Italian Game: Anti-Fried Liver Defense,7,7,7,10,7,6,10,7,7,7,7,7,7,7,7,7,6,6,7,7,7,6,7,7,7,7,7,6,7,10,10,9,4,7,6,7,7,7,7,6,6,5,5,6,6,7,7,7,7,7,10,12,7,7,6,9,7,10,11,10,7,10,6,6,5,6,5,9,8,6,6,5,6,5,9,7,9,9,7,6,8,8,10,9,11,11,6,5,5,9,8,10,8,12,5,5,5,5,6,6,10,5,7,4,3,3,4,3,7,4,9,10,13,5,4,5,5,5,5,5,6,9,7,9,7,9,11,8,9,4,4,4,4,4,9,10,11,4,4,5,4,4,4,3,4,5,5,4,3,3,3,3,3,3,5,3,2,2,2,2,4,5,5,2,2,2,4,3,1,0,3,5,3,1,1,2,6,3,2,3,3,3,3,4,5,6,6,6,11,10,6,7,6,7,5,7,7,6,7,8,8,10,7,8,7,8,9,13,9,13,11,12,12,20,11,11,15,6
Italian Game: Giuoco Pianissimo,8,8,8,11,8,7,11,8,8,8,8,8,8,8,8,8,7,7,8,8,8,7,8,8,8,8,8,7,8,11,11,10,5,8,7,8,8,8,8,7,7,6,6,7,7,8,8,8,8,8,11,13,8,8,7,10,8,11,12,11,8,11,7,7,6,7,6,10,9,7,7,6,7,6,10,8,10,10,8,7,9,9,11,10,12,12,7,6,6,10,9,11,9,13,6,6,6,6,7,7,11,6,8,5,4,4,5,4,8,5,10,11,14,6,5,6,6,6,6,6,7,10,8,10,8,10,12,9,10,5,5,5,5,5,10,11,12,5,5,6,5,5,5,4,5,6,6,5,4,4,4,4,4,4,6,4,3,3,3,3,5,6,6,3,3,2,5,4,2,3,0,2,2,3,2,1,7,4,3,4,4,4,4,5,6,7,7,7,12,11,7,8,7,8,6,8,8,7,8,9,9,11,8,9,8,9,10,14,10,14,12,13,13,21,12,12,16,7
"Italian Game: Giuoco Pianissimo, Italian Four Knights Variation",10,10,10,13,10,9,13,10,10,10,10,10,10,10,10,10,9,9,10,10,10,9,10,10,10,10,10,9,10,13,13,12,7,10,9,10,10,10,10,9,9,8,8,9,9,10,10,10,10,10,13,15,10,10,9,12,10,13,14,13,10,13,9,9,8,9,8,12,11,9,9,8,9,8,12,10,12,12,10,9,11,11,13,12,14,14,9,8,8,12,11,13,11,15,8,8,8,8,9,9,13,8,10,7,6,6,7,6,10,7,12,13,16,8,7,8,8,8,8,8,9,12,10,12,10,12,14,11,12,7,7,7,7,7,12,13,14,7,7,8,7,7,7,6,7,8,8,7,6,6,6,6,6,6,8,6,5,5,5,5,7,8,8,5,5,4,7,6,4,5,2,0,4,5,4,3,9,6,5,6,6,6,6,7,8,9,9,9,14,13,9,10,9,10,8,10,10,9,10,11,11,13,10,11,10,11,12,16,12,16,14,15,15,23,14,14,18,9
"Italian Game: Giuoco Pianissimo, Normal",9,9,9,12,9,8,12,9,9,9,9,9,9,9,9,9,8,8,9,9,9,8,9,9,9,9,9,8,9,12,12,11,6,9,8,9,9,9,9,8,8,7,7,8,8,9,9,9,9,9,12,14,9,9,8,11,9,12,13,12,9,12,8,8,7,8,7,11,10,8,8,7,8,7,11,9,11,11,9,8,10,10,12,11,13,13,8,7,7,11,10,12,10,14,7,7,7,7,8,8,12,7,9,6,5,5,6,5,9,6,11,12,15,7,6,7,7,7,7,7,8,11,9,11,9,11,13,10,11,6,6,6,6,6,11,12,13,6,6,7,6,6,6,5,6,7,7,6,5,5,5,5,5,5,7,5,4,4,3,4,6,7,7,4,3,2,5,4,3,3,2,4,0,3,2,1,7,4,4,5,5,5,5,6,7,8,8,8,13,12,8,9,8,9,7,9,9,8,9,10,10,12,9,10,9,10,11,15,11,15,13,14,14,22,13,13,17,8
Italian Game: Hungarian Defense,7,7,7,10,7,6,10,7,7,7,7,7,7,7,7,7,6,6,7,7,7,6,7,7,7,7,7,6,7,10,10,9,4,7,6,7,7,7,7,6,6,5,5,6,6,7,7,7,7,7,10,12,7,7,6,9,7,10,11,10,7,10,6,6,5,6,5,9,8,6,6,5,6,5,9,7,9,9,7,6,8,8,10,9,11,11,6,5,5,9,8,10,8,12,5,5,5,5,6,6,10,5,7,4,3,3,4,3,7,4,9,10,13,5,4,5,5,5,5,5,6,9,7,9,7,9,11,8,9,4,4,4,4,4,9,10,11,4,4,5,4,4,4,3,4,5,5,4,3,3,3,3,3,3,5,3,2,2,2,2,4,5,5,2,2,2,4,3,1,1,3,5,3,0,1,2,6,3,2,3,3,3,3,4,5,6,6,6,11,10,6,7,6,7,5,7,7,6,7,8,8,10,7,8,7,8,9,13,9,13,11,12,12,20,11,11,15,6
Italian Game: Two Knights Defense,7,7,7,10,7,6,10,7,7,7,7,7,7,7,7,7,6,6,7,7,7,6,7,7,7,7,7,6,7,10,10,9,4,7,6,7,7,7,7,6,6,5,5,6,6,7,7,7,7,7,10,12,7,7,6,9,7,10,11,10,7,10,6,6,5,6,5,9,8,6,6,5,6,5,9,7,9,9,7,6,8,8,10,9,11,11,6,5,5,9,8,10,8,12,5,5,5,5,6,6,10,5,7,4,3,3,4,3,7,4,9,10,13,5,4,5,5,5,5,5,6,9,7,9,7,9,11,8,9,4,4,4,4,4,9,10,11,4,4,5,4,4,4,3,4,5,5,4,3,3,3,3,3,3,5,3,2,2,1,2,4,5,5,2,1,1,3,2,1,1,2,4,2,1,0,1,5,2,2,3,3,3,3,4,5,6,6,6,11,10,6,7,6,7,5,7,7,6,7,8,8,10,7,8,7,8,9,13,9,13,11,12,12,20,11,11,15,6
"Italian Game: Two Knights Defense, Modern Bishop's Opening",8,8,8,11,8,7,11,8,8,8,8,8,8,8,8,8,7,7,8,8,8,7,8,8,8,8,8,7,8,11,11,10,5,8,7,8,8,8,8,7,7,6,6,7,7,8,8,8,8,8,11,13,8,8,7,10,8,11,12,11,8,11,7,7,6,7,6,10,9,7,7,6,7,6,10,8,10,10,8,7,9,9,11,10,12,12,7,6,6,10,9,11,9,13,6,6,6,6,7,7,11,6,8,5,4,4,5,4,8,5,10,11,14,6,5,6,6,6,6,6,7,10,8,10,8,10,12,9,10,5,5,5,5,5,10,11,12,5,5,6,5,5,5,4,5,6,6,5,4,4,4,4,4,4,6,4,3,3,2,3,5,6,6,3,2,1,4,3,2,2,1,3,1,2,1,0,6,3,3,4,4,4,4,5,6,7,7,7,12,11,7,8,7,8,6,8,8,7,8,9,9,11,8,9,8,9,10,14,10,14,12,13,13,21,12,12,16,7
"Italian Game: Two Knights Defense, Fried Liver Attack",12,12,12,15,12,11,15,12,12,12,12,12,12,12,12,12,11,11,12,12,12,11,12,12,12,12,12,11,12,15,15,14,9,12,11,12,12,12,12,11,11,10,10,11,11,12,12,12,12,12,15,17,12,12,11,14,12,15,16,15,12,15,11,11,10,11,10,14,13,11,11,10,11,10,14,12,14,14,12,11,13,13,15,14,16,16,11,10,10,14,13,15,13,17,10,10,10,10,11,11,15,10,12,9,8,8,9,8,12,9,14,15,18,10,9,10,10,10,10,10,11,14,12,14,12,14,16,13,14,9,9,9,9,9,14,15,16,9,9,10,9,9,9,8,9,10,10,9,8,8,8,8,8,8,10,8,7,7,6,7,9,10,10,7,6,6,8,7,6,6,7,9,7,6,5,6,0,3,7,8,8,8,8,9,10,11,11,11,16,15,11,12,11,12,10,12,12,11,12,13,13,15,12,13,12,13,14,18,14,18,16,17,17,25,16,16,20,11
"Italian Game: Two Knights Defense, Knight Attack, Normal Variation",9,9,9,12,9,8,12,9,9,9,9,9,9,9,9,9,8,8,9,9,9,8,9,9,9,9,9,8,9,12,12,11,6,9,8,9,9,9,9,8,8,7,7,8,8,9,9,9,9,9,12,14,9,9,8,11,9,12,13,12,9,12,8,8,7,8,7,11,10,8,8,7,8,7,11,9,11,11,9,8,10,10,12,11,13,13,8,7,7,11,10,12,10,14,7,7,7,7,8,8,12,7,9,6,5,5,6,5,9,6,11,12,15,7,6,7,7,7,7,7,8,11,9,11,9,11,13,10,11,6,6,6,6,6,11,12,13,6,6,7,6,6,6,5,6,7,7,6,5,5,5,5,5,5,7,5,4,4,3,4,6,7,7,4,3,3,5,4,3,3,4,6,4,3,2,3,3,0,4,5,5,5,5,6,7,8,8,8,13,12,8,9,8,9,7,9,9,8,9,10,10,12,9,10,9,10,11,15,11,15,13,14,14,22,13,13,17,8
Ruy Lopez,6,6,6,9,6,5,9,6,6,6,6,6,6,6,6,6,5,5,6,6,6,5,6,6,6,6,6,5,6,9,9,8,3,6,5,6,6,6,6,5,5,4,4,5,5,6,6,6,6,6,9,11,6,6,5,8,6,9,10,9,6,9,5,5,4,5,4,8,7,5,5,4,5,4,8,6,8,8,6,5,7,7,9,8,10,10,5,4,4,8,7,9,7,11,4,4,4,4,5,5,9,4,6,3,1,2,3,2,6,3,8,9,12,4,3,4,4,4,4,4,5,8,6,8,6,8,10,7,8,3,3,3,3,3,8,9,10,3,3,4,3,3,3,2,3,4,4,3,2,2,2,2,2,2,4,2,1,1,2,1,3,4,4,1,2,3,4,3,1,2,3,5,4,2,2,3,7,4,0,1,1,1,1,2,3,5,5,5,10,9,5,6,5,6,4,6,6,5,6,7,7,9,6,7,6,7,8,12,8,12,10,11,11,19,10,10,14,5
Ruy Lopez: Cozio Defense,7,7,7,10,7,6,10,7,7,7,7,7,7,7,7,7,6,6,7,7,7,6,7,7,7,7,7,6,7,10,10,9,4,7,6,7,7,7,7,6,6,5,5,6,6,7,7,7,7,7,10,12,7,7,6,9,7,10,11,10,7,10,6,6,5,6,5,9,8,6,6,5,6,5,9,7,9,9,7,6,8,8,10,9,11,11,6,5,5,9,8,10,8,12,5,5,5,5,6,6,10,5,7,4,2,3,4,3,7,4,9,10,13,5,4,5,5,5,5,5,6,9,7,9,7,9,11,8,9,4,4,4,4,4,9,10,11,4,4,5,4,4,4,3,4,5,5,4,3,3,3,3,3,3,5,3,2,2,3,2,4,5,5,2,3,4,5,4,2,3,4,6,5,3,3,4,8,5,1,0,1,1,1,3,4,6,6,6,11,10,6,7,6,7,5,7,7,6,7,8,8,10,7,8,7,8,9,13,9,13,11,12,12,20,11,11,15,6
Ruy Lopez: Bird Variation,7,7,7,10,7,6,10,7,7,7,7,7,7,7,7,7,6,6,7,7,7,6,7,7,7,7,7,6,7,10,10,9,4,7,6,7,7,7,7,6,6,5,5,6,6,7,7,7,7,7,10,12,7,7,6,9,7,10,11,10,7,10,6,6,5,6,5,9,8,6,6,5,6,5,9,7,9,9,7,6,8,8,10,9,11,11,6,5,5,9,8,10,8,12,5,5,5,5,6,6,10,5,7,4,2,3,4,3,7,4,9,10,13,5,4,5,5,5,5,5,6,9,7,9,7,9,11,8,9,4,4,4,4,4,9,10,11,4,4,5,4,4,4,3,4,5,5,4,3,3,3,3,3,3,5,3,2,2,3,2,4,5,5,2,3,4,5,4,2,3,4,6,5,3,3,4,8,5,1,1,0,1,1,3,4,6,6,6,11,10,6,7,6,7,5,7,7,6,7,8,8,10,7,8,7,8,9,13,9,13,11,12,12,20,11,11,15,6
Ruy Lopez: Steinitz Defense,7,7,7,10,7,6,10,7,7,7,7,7,7,7,7,7,6,6,7,7,7,6,7,7,7,7,7,6,7,10,10,9,4,7,6,7,7,7,7,6,6,5,5,6,6,7,7,7,7,7,10,12,7,7,6,9,7,10,11,10,7,10,6,6,5,6,5,9,8,6,6,5,6,5,9,7,9,9,7,6,8,8,10,9,11,11,6,5,5,9,8,10,8,12,5,5,5,5,6,6,10,5,7,4,2,3,4,3,7,4,9,10,13,5,4,5,5,5,5,5,6,9,7,9,7,9,11,8,9,4,4,4,4,4,9,10,11,4,4,5,4,4,4,3,4,5,5,4,3,3,3,3,3,3,5,3,2,2,3,2,4,5,5,2,3,4,5,4,2,3,4,6,5,3,3,4,8,5,1,1,1,0,1,3,4,6,6,6,11,10,6,7,6,7,5,7,7,6,7,8,8,10,7,8,7,8,9,13,9,13,11,12,12,20,11,11,15,6
Ruy Lopez: Classical Variation,7,7,7,10,7,6,10,7,7,7,7,7,7,7,7,7,6,6,7,7,7,6,7,7,7,7,7,6,7,10,10,9,4,7,6,7,7,7,7,6,6,5,5,6,6,7,7,7,7,7,10,12,7,7,6,9,7,10,11,10,7,10,6,6,5,6,5,9,8,6,6,5,6,5,9,7,9,9,7,6,8,8,10,9,11,11,6,5,5,9,8,10,8,12,5,5,5,5,6,6,10,5,7,4,2,3,4,3,7,4,9,10,13,5,4,5,5,5,5,5,6,9,7,9,7,9,11,8,9,4,4,4,4,4,9,10,11,4,4,5,4,4,4,3,4,5,5,4,3,3,3,3,3,3,5,3,2,2,3,2,4,5,5,2,3,4,5,4,2,3,4,6,5,3,3,4,8,5,1,1,1,1,0,3,4,6,6,6,11,10,6,7,6,7,5,7,7,6,7,8,8,10,7,8,7,8,9,13,9,13,11,12,12,20,11,11,15,6
Ruy Lopez: Exchange Variation,8,8,8,11,8,7,11,8,8,8,8,8,8,8,8,8,7,7,8,8,8,7,8,8,8,8,8,7,8,11,11,10,5,8,7,8,8,8,8,7,7,6,6,7,7,8,8,8,8,8,11,13,8,8,7,10,8,11,12,11,8,11,7,7,6,7,6,10,9,7,7,6,7,6,10,8,10,10,8,7,9,9,11,10,12,12,7,6,6,10,9,11,9,13,6,6,6,6,7,7,11,6,8,5,3,4,5,4,8,5,10,11,14,6,5,6,6,6,6,6,7,10,8,10,8,10,12,9,10,5,5,5,5,5,10,11,12,5,5,6,5,5,5,4,5,6,6,5,4,4,4,4,4,4,6,4,3,3,4,3,5,6,6,3,4,5,6,5,3,4,5,7,6,4,4,5,9,6,2,3,3,3,3,0,5,7,7,7,12,11,7,8,7,8,6,8,8,7,8,9,9,11,8,9,8,9,10,14,10,14,12,13,13,21,12,12,16,7
"Ruy Lopez: Morphy Defense, Caro Variation",9,9,9,12,9,8,12,9,9,9,9,9,9,9,9,9,8,8,9,9,9,8,9,9,9,9,9,8,9,12,12,11,6,9,8,9,9,9,9,8,8,7,7,8,8,9,9,9,9,9,12,14,9,9,8,11,9,12,13,12,9,12,8,8,7,8,7,11,10,8,8,7,8,7,11,9,11,11,9,8,10,10,12,11,13,13,8,7,7,11,10,12,10,14,7,7,7,7,8,8,12,7,9,6,4,5,6,5,9,6,11,12,15,7,6,7,7,7,7,7,8,11,9,11,9,11,13,10,11,6,6,6,6,6,11,12,13,6,6,7,6,6,6,5,6,7,7,6,5,5,5,5,5,5,7,5,4,4,5,4,6,7,7,4,5,6,7,6,4,5,6,8,7,5,5,6,10,7,3,4,4,4,4,5,0,8,8,8,13,12,8,9,8,9,7,9,9,8,9,10,10,12,9,10,9,10,11,15,11,15,13,14,14,22,13,13,17,8
Blackmar-Diemer Gambit,4,4,4,7,5,4,7,5,4,4,4,4,4,4,4,4,4,4,5,4,4,4,4,5,5,4,4,4,5,7,7,6,2,4,4,5,5,4,5,6,4,5,6,4,5,3,3,3,3,2,5,7,2,4,3,5,2,5,6,5,3,6,4,4,4,4,6,7,7,4,4,5,4,3,7,5,7,7,5,4,6,6,9,8,10,9,4,5,5,7,7,9,7,10,4,5,5,5,5,5,12,5,7,6,6,5,7,6,10,6,11,12,12,4,3,4,4,4,4,4,5,5,6,8,6,8,10,7,8,4,4,4,4,5,8,9,10,4,5,5,5,4,5,5,5,6,6,4,4,3,4,4,4,4,6,4,4,5,6,5,7,8,8,5,6,7,8,7,5,6,7,9,8,6,6,7,11,8,5,6,6,6,6,7,8,0,1,1,6,7,2,3,2,3,1,3,3,1,2,3,3,5,2,3,2,3,4,8,4,8,6,7,7,15,6,6,10,3
Queen's Pawn Game: Levitsky Attack,4,4,4,7,5,4,7,5,4,4,4,4,4,4,4,4,4,4,5,4,4,4,4,5,5,4,4,4,5,7,7,6,2,4,4,5,5,4,5,6,4,5,6,4,5,3,3,3,3,2,5,7,2,4,3,5,1,5,6,5,3,6,4,4,4,4,6,7,7,4,4,5,4,3,7,5,7,7,5,4,6,6,9,8,10,9,4,5,5,7,7,9,7,10,4,5,5,5,5,5,12,5,7,6,6,5,7,6,10,6,11,12,12,4,3,4,4,4,4,4,5,5,6,8,6,8,10,7,8,4,4,4,4,5,8,9,10,4,5,5,5,4,5,5,5,6,6,4,4,3,4,4,4,4,6,4,4,5,6,5,7,8,8,5,6,7,8,7,5,6,7,9,8,6,6,7,11,8,5,6,6,6,6,7,8,1,0,1,6,7,2,3,2,3,1,3,3,1,2,3,3,5,2,3,2,3,4,8,4,8,6,7,7,15,6,6,10,3
Queen's Pawn Game: Mason Attack,4,4,4,7,5,4,7,5,4,4,4,4,4,4,4,4,4,4,5,4,4,4,4,5,5,4,4,4,5,7,7,6,2,4,4,5,5,4,5,6,4,5,6,4,5,3,3,3,3,2,5,7,2,4,3,5,2,5,6,5,3,6,4,4,4,4,6,7,7,4,4,5,4,3,7,5,7,7,5,4,6,6,9,8,10,9,4,5,5,7,7,9,7,10,4,5,5,5,5,5,12,5,7,6,6,5,7,6,10,6,11,12,12,4,3,4,4,4,4,4,5,5,6,8,6,8,10,7,8,4,4,4,4,5,8,9,10,4,5,5,5,4,5,5,5,6,6,4,4,3,4,4,4,4,6,4,4,5,6,5,7,8,8,5,6,7,8,7,5,6,7,9,8,6,6,7,11,8,5,6,6,6,6,7,8,1,1,0,6,7,2,3,2,3,1,3,3,1,2,3,3,5,2,3,2,3,4,8,4,8,6,7,7,15,6,6,10,3
Queen's Pawn Game: Stonewall Attack,6,6,6,9,7,6,9,7,6,6,6,6,6,6,6,6,7,6,7,6,6,7,6,7,7,6,6,6,7,9,9,8,7,6,7,7,7,6,7,8,6,7,8,6,7,5,5,5,5,4,7,9,6,6,5,7,6,7,8,7,5,8,6,7,6,6,8,9,9,6,7,8,7,7,11,9,11,11,9,7,9,8,11,10,12,12,7,8,8,10,10,12,10,13,6,7,7,7,7,7,14,7,9,8,9,8,10,9,13,8,13,14,14,8,8,8,8,8,8,8,10,7,10,12,10,12,14,11,12,8,8,8,8,9,10,11,12,8,9,9,9,8,9,9,9,10,10,8,9,8,9,9,9,9,11,9,9,10,11,10,12,13,13,10,11,12,13,12,10,11,12,14,13,11,11,12,16,13,10,11,11,11,11,12,13,6,6,6,0,9,7,8,7,8,6,8,8,6,7,8,8,10,7,8,7,8,9,10,9,10,11,12,9,17,8,8,12,5
Queen's Pawn Game: Anti-Torre,5,5,5,8,6,6,8,6,5,6,5,5,5,6,5,5,6,6,6,5,6,6,6,6,6,6,6,6,6,8,8,7,7,5,6,6,6,6,6,7,6,7,8,6,7,6,6,6,6,5,8,10,7,7,6,8,7,8,9,8,6,9,6,6,5,6,8,9,9,6,6,7,6,6,10,8,10,10,8,6,8,8,10,9,11,11,6,7,7,9,9,11,9,12,6,7,7,7,7,7,14,7,9,8,9,8,10,9,13,8,13,14,14,7,7,7,7,7,7,7,9,8,9,11,9,11,13,10,11,7,7,7,7,8,9,10,11,7,8,8,8,7,8,8,8,9,9,7,8,7,8,8,8,8,10,8,8,9,10,9,11,12,12,9,10,11,12,11,9,10,11,13,12,10,10,11,15,12,9,10,10,10,10,11,12,7,7,7,9,0,8,9,8,9,7,9,9,7,8,9,9,11,8,9,8,9,10,11,10,11,12,13,10,18,9,9,13,4
Queen's Pawn Game: Krause Variation,5,5,5,8,5,5,8,6,5,5,5,5,5,5,5,5,4,5,5,5,5,4,5,6,5,5,5,5,5,8,8,7,2,5,4,5,5,5,5,6,5,5,6,5,6,4,4,4,4,3,6,8,3,5,4,6,3,6,7,6,4,7,4,4,4,4,6,7,7,4,4,5,4,3,7,5,7,7,5,4,6,6,9,8,10,9,4,5,5,7,7,9,7,10,4,5,5,5,5,5,12,5,7,6,6,5,7,6,10,6,11,12,12,4,3,4,4,4,4,4,5,6,6,8,6,8,10,7,8,4,4,4,4,5,8,9,10,4,5,5,5,4,5,5,5,6,6,4,4,3,4,4,4,4,6,4,4,5,6,5,7,8,8,5,6,7,8,7,5,6,7,9,8,6,6,7,11,8,5,6,6,6,6,7,8,2,2,2,7,8,0,2,1,2,1,2,2,2,3,4,4,6,3,4,3,4,5,9,5,9,7,8,8,16,7,7,11,4
Queen's Pawn Game: London System,6,6,6,9,6,6,9,7,6,6,6,6,6,6,6,6,5,6,6,6,6,5,6,7,6,6,6,6,6,9,9,8,3,6,5,6,6,6,6,7,6,6,7,6,7,5,5,5,5,4,7,9,4,6,5,7,4,7,8,7,5,8,5,5,5,5,7,8,8,5,5,6,5,4,8,6,8,8,6,5,7,7,10,9,11,10,5,6,6,8,8,10,8,11,5,6,6,6,6,6,13,6,8,7,7,6,8,7,11,7,12,13,13,5,4,5,5,5,5,5,6,7,7,9,7,9,11,8,9,5,5,5,5,6,9,10,11,5,6,6,6,5,6,6,6,7,7,5,5,4,5,5,5,5,7,5,5,6,7,6,8,9,9,6,7,8,9,8,6,7,8,10,9,7,7,8,12,9,6,7,7,7,7,8,9,3,3,3,8,9,2,0,1,1,2,1,1,3,4,5,5,7,4,5,4,5,6,10,6,10,8,9,9,17,8,8,12,5
Queen's Pawn Game: Symmetrical Variation,5,5,5,8,5,5,8,6,5,5,5,5,5,5,5,5,4,5,5,5,5,4,5,6,5,5,5,5,5,8,8,7,2,5,4,5,5,5,5,6,5,5,6,5,6,4,4,4,4,3,6,8,3,5,4,6,3,6,7,6,4,7,4,4,4,4,6,7,7,4,4,5,4,3,7,5,7,7,5,4,6,6,9,8,10,9,4,5,5,7,7,9,7,10,4,5,5,5,5,5,12,5,7,6,6,5,7,6,10,6,11,12,12,4,3,4,4,4,4,4,5,6,6,8,6,8,10,7,8,4,4,4,4,5,8,9,10,4,5,5,5,4,5,5,5,6,6,4,4,3,4,4,4,4,6,4,4,5,6,5,7,8,8,5,6,7,8,7,5,6,7,9,8,6,6,7,11,8,5,6,6,6,6,7,8,2,2,2,7,8,1,1,0,1,1,1,1,2,3,4,4,6,3,4,3,4,5,9,5,9,7,8,8,16,7,7,11,4
"Queen's Pawn Game: Symmetrical Variation, Pseudo-Catalan",6,6,6,9,6,6,9,7,6,6,6,6,6,6,6,6,5,6,6,6,6,5,6,7,6,6,6,6,6,9,9,8,3,6,5,6,6,6,6,7,6,6,7,6,7,5,5,5,5,4,7,9,4,6,5,7,4,7,8,7,5,8,5,5,5,5,7,8,8,5,5,6,5,4,8,6,8,8,6,5,7,7,10,9,11,10,5,6,6,8,8,10,8,11,5,6,6,6,6,6,13,6,8,7,7,6,8,7,11,7,12,13,13,5,4,5,5,5,5,5,6,7,7,9,7,9,11,8,9,5,5,5,5,6,9,10,11,5,6,6,6,5,6,6,6,7,7,5,5,4,5,5,5,5,7,5,5,6,7,6,8,9,9,6,7,8,9,8,6,7,8,10,9,7,7,8,12,9,6,7,7,7,7,8,9,3,3,3,8,9,2,1,1,0,2,1,1,3,4,5,5,7,4,5,4,5,6,10,6,10,8,9,9,17,8,8,12,5
Queen's Pawn Game: Zukertort Variation,4,4,4,7,4,4,7,5,4,4,4,4,4,4,4,4,3,4,4,4,4,3,4,5,4,4,4,4,4,7,7,6,1,4,3,4,4,4,4,5,4,4,5,4,5,3,3,3,3,2,5,7,2,4,3,5,2,5,6,5,3,6,3,3,3,3,5,6,6,3,3,4,3,2,6,4,6,6,4,3,5,5,8,7,9,8,3,4,4,6,6,8,6,9,3,4,4,4,4,4,11,4,6,5,5,4,6,5,9,5,10,11,11,3,2,3,3,3,3,3,4,5,5,7,5,7,9,6,7,3,3,3,3,4,7,8,9,3,4,4,4,3,4,4,4,5,5,3,3,2,3,3,3,3,5,3,3,4,5,4,6,7,7,4,5,6,7,6,4,5,6,8,7,5,5,6,10,7,4,5,5,5,5,6,7,1,1,1,6,7,1,2,1,2,0,2,2,1,2,3,3,5,2,3,2,3,4,8,4,8,6,7,7,15,6,6,10,3
Queen's Pawn Game: Torre Attack,6,6,6,9,6,6,9,7,6,6,6,6,6,6,6,6,5,6,6,6,6,5,6,7,6,6,6,6,6,9,9,8,3,6,5,6,6,6,6,7,6,6,7,6,7,5,5,5,5,4,7,9,4,6,5,7,4,7,8,7,5,8,5,5,5,5,7,8,8,5,5,6,5,4,8,6,8,8,6,5,7,7,10,9,11,10,5,6,6,8,8,10,8,11,5,6,6,6,6,6,13,6,8,7,7,6,8,7,11,7,12,13,13,5,4,5,5,5,5,5,6,7,7,9,7,9,11,8,9,5,5,5,5,6,9,10,11,5,6,6,6,5,6,6,6,7,7,5,5,4,5,5,5,5,7,5,5,6,7,6,8,9,9,6,7,8,9,8,6,7,8,10,9,7,7,8,12,9,6,7,7,7,7,8,9,3,3,3,8,9,2,1,1,1,2,0,1,3,4,5,5,7,4,5,4,5,6,10,6,10,8,9,9,17,8,8,12,5
Queen's Pawn Game: Colle System,6,6,6,9,6,6,9,7,6,6,6,6,6,6,6,6,5,6,6,6,6,5,6,7,6,6,6,6,6,9,9,8,3,6,5,6,6,6,6,7,6,6,7,6,7,5,5,5,5,4,7,9,4,6,5,7,4,7,8,7,5,8,5,5,5,5,7,8,8,5,5,6,5,4,8,6,8,8,6,5,7,7,10,9,11,10,5,6,6,8,8,10,8,11,5,6,6,6,6,6,13,6,8,7,7,6,8,7,11,7,12,13,13,5,4,5,5,5,5,5,6,7,7,9,7,9,11,8,9,5,5,5,5,6,9,10,11,5,6,6,6,5,6,6,6,7,7,5,5,4,5,5,5,5,7,5,5,6,7,6,8,9,9,6,7,8,9,8,6,7,8,10,9,7,7,8,12,9,6,7,7,7,7,8,9,3,3,3,8,9,2,1,1,1,2,1,0,3,4,5,5,7,4,5,4,5,6,10,6,10,8,9,9,17,8,8,12,5
Queen's Gambit,4,4,4,7,5,4,7,5,4,4,4,4,4,4,4,4,4,4,5,4,4,4,4,5,5,4,4,4,5,7,7,6,2,4,4,5,5,4,5,6,4,5,6,4,5,3,3,3,3,2,5,7,1,4,3,5,2,5,6,5,3,6,4,4,4,4,6,7,7,4,4,5,4,3,7,5,7,7,5,4,6,6,9,8,10,9,4,5,5,7,7,9,7,10,4,5,5,5,5,5,12,5,7,6,6,5,7,6,10,6,11,12,12,4,3,4,4,4,4,4,5,5,6,8,6,8,10,7,8,4,4,4,4,5,8,9,10,4,5,5,5,4,5,5,5,6,6,4,4,3,4,4,4,4,6,4,4,5,6,5,7,8,8,5,6,7,8,7,5,6,7,9,8,6,6,7,11,8,5,6,6,6,6,7,8,1,1,1,6,7,2,3,2,3,1,3,3,0,1,2,2,4,1,2,1,2,3,8,3,8,5,6,7,15,6,6,10,3
Slav Defense,5,5,5,8,6,5,8,6,5,5,5,5,5,5,5,5,5,5,6,5,5,5,5,6,6,5,5,5,6,8,8,7,3,5,5,6,6,5,6,7,5,6,7,5,6,4,4,4,4,3,6,8,2,5,4,6,3,6,7,6,4,7,5,5,5,5,7,8,8,5,5,6,5,4,8,6,8,8,6,5,7,7,10,9,11,10,5,6,6,8,8,10,8,11,5,6,6,6,6,6,13,6,8,7,7,6,8,7,11,7,12,13,13,5,4,5,5,5,5,5,6,6,7,9,7,9,11,8,9,5,5,5,5,6,9,10,11,5,6,6,6,5,6,6,6,7,7,5,5,4,5,5,5,5,7,5,5,6,7,6,8,9,9,6,7,8,9,8,6,7,8,10,9,7,7,8,12,9,6,7,7,7,7,8,9,2,2,2,7,8,3,4,3,4,2,4,4,1,0,1,1,3,1,2,1,2,3,9,3,9,4,5,8,16,7,7,11,4
Slav Defense: Exchange Variation,6,6,6,9,7,6,9,7,6,6,6,6,6,6,6,6,6,6,7,6,6,6,6,7,7,6,6,6,7,9,9,8,4,6,6,7,7,6,7,8,6,7,8,6,7,5,5,5,5,4,7,9,3,6,5,7,4,7,8,7,5,8,6,6,6,6,8,9,9,6,6,7,6,5,9,7,9,9,7,6,8,8,11,10,12,11,6,7,7,9,9,11,9,12,6,7,7,7,7,7,14,7,9,8,8,7,9,8,12,8,13,14,14,6,5,6,6,6,6,6,7,7,8,10,8,10,12,9,10,6,6,6,6,7,10,11,12,6,7,7,7,6,7,7,7,8,8,6,6,5,6,6,6,6,8,6,6,7,8,7,9,10,10,7,8,9,10,9,7,8,9,11,10,8,8,9,13,10,7,8,8,8,8,9,10,3,3,3,8,9,4,5,4,5,3,5,5,2,1,0,1,3,2,3,2,3,4,10,4,10,4,6,9,17,8,8,12,5
Slav Defense: Modern Line,6,6,6,9,7,6,9,7,6,6,6,6,6,6,6,6,6,6,7,6,6,6,6,7,7,6,6,6,7,9,9,8,4,6,6,7,7,6,7,8,6,7,8,6,7,5,5,5,5,4,7,9,3,6,5,7,4,7,8,7,5,8,6,6,6,6,8,9,9,6,6,7,6,5,9,7,9,9,7,6,8,8,11,10,12,11,6,7,7,9,9,11,9,12,6,7,7,7,7,7,14,7,9,8,8,7,9,8,12,8,13,14,14,6,5,6,6,6,6,6,7,7,8,10,8,10,12,9,10,6,6,6,6,7,10,11,12,6,7,7,7,6,7,7,7,8,8,6,6,5,6,6,6,6,8,6,6,7,8,7,9,10,10,7,8,9,10,9,7,8,9,11,10,8,8,9,13,10,7,8,8,8,8,9,10,3,3,3,8,9,4,5,4,5,3,5,5,2,1,1,0,2,2,3,2,3,4,10,4,10,3,6,9,17,8,8,12,5
Slav Defense: Three Knights Variation,8,8,8,11,9,8,11,9,8,8,8,8,8,8,8,8,8,8,9,8,8,8,8,9,9,8,8,8,9,11,11,10,6,8,8,9,9,8,9,10,8,9,10,8,9,7,7,7,7,6,9,11,5,8,7,9,6,9,10,9,7,10,8,8,8,8,10,11,11,8,8,9,8,7,11,9,11,11,9,8,10,10,13,12,14,13,8,9,9,11,11,13,11,14,8,9,9,9,9,9,16,9,11,10,10,9,11,10,14,10,15,16,16,8,7,8,8,8,8,8,9,9,10,12,10,12,14,11,12,8,8,8,8,9,12,13,14,8,9,9,9,8,9,9,9,10,10,8,8,7,8,8,8,8,10,8,8,9,10,9,11,12,12,9,10,11,12,11,9,10,11,13,12,10,10,11,15,12,9,10,10,10,10,11,12,5,5,5,10,11,6,7,6,7,5,7,7,4,3,3,2,0,4,5,4,5,6,12,6,12,1,8,11,19,10,10,14,7
Queen's Gambit Accepted,5,5,5,8,6,5,8,6,5,5,5,5,5,5,5,5,5,5,6,5,5,5,5,6,6,5,5,5,6,8,8,7,3,5,5,6,6,5,6,7,5,6,7,5,6,4,4,4,4,3,6,8,2,5,4,6,3,6,7,6,4,7,5,5,5,5,7,8,8,5,5,6,5,4,8,6,8,8,6,5,7,7,10,9,11,10,5,6,6,8,8,10,8,11,5,6,6,6,6,6,13,6,8,7,7,6,8,7,11,7,12,13,13,5,4,5,5,5,5,5,6,6,7,9,7,9,11,8,9,5,5,5,5,6,9,10,11,5,6,6,6,5,6,6,6,7,7,5,5,4,5,5,5,5,7,5,5,6,7,6,8,9,9,6,7,8,9,8,6,7,8,10,9,7,7,8,12,9,6,7,7,7,7,8,9,2,2,2,7,8,3,4,3,4,2,4,4,1,1,2,2,4,0,1,1,2,3,9,3,9,5,6,8,16,7,7,11,4
Queen's Gambit Accepted: Old Variation,6,6,6,9,7,6,9,7,6,6,6,6,6,6,6,6,6,6,7,6,6,6,6,7,7,6,6,6,7,9,9,8,4,6,6,7,7,6,7,8,6,7,8,6,7,5,5,5,5,4,7,9,3,6,5,7,4,7,8,7,5,8,6,6,6,6,8,9,9,6,6,7,6,5,9,7,9,9,7,6,8,8,11,10,12,11,6,7,7,9,9,11,9,12,6,7,7,7,7,7,14,7,9,8,8,7,9,8,12,8,13,14,14,6,5,6,6,6,6,6,7,7,8,10,8,10,12,9,10,6,6,6,6,7,10,11,12,6,7,7,7,6,7,7,7,8,8,6,6,5,6,6,6,6,8,6,6,7,8,7,9,10,10,7,8,9,10,9,7,8,9,11,10,8,8,9,13,10,7,8,8,8,8,9,10,3,3,3,8,9,4,5,4,5,3,5,5,2,2,3,3,5,1,0,2,3,4,10,4,10,6,7,9,17,8,8,12,5
Queen's Gambit Declined,5,5,5,8,6,5,8,6,5,5,5,5,5,5,5,5,5,5,6,5,5,5,5,6,6,5,5,5,6,8,8,7,3,5,5,6,6,5,6,7,5,6,7,5,6,4,4,4,4,3,6,8,2,5,4,6,3,6,7,6,4,7,5,5,5,5,7,8,8,5,5,6,5,4,8,6,8,8,6,5,7,7,10,9,11,10,5,6,6,8,8,10,8,11,5,6,6,6,6,6,13,6,8,7,7,6,8,7,11,7,12,13,13,5,4,5,5,5,5,5,6,6,7,9,7,9,11,8,9,5,5,5,5,6,9,10,11,5,6,6,6,5,6,6,6,7,7,5,5,4,5,5,5,5,7,5,5,6,7,6,8,9,9,6,7,8,9,8,6,7,8,10,9,7,7,8,12,9,6,7,7,7,7,8,9,2,2,2,7,8,3,4,3,4,2,4,4,1,1,2,2,4,1,2,0,1,2,9,2,9,5,6,8,16,7,7,11,4
Queen's Gambit Declined: Queen's Knight Variation,6,6,6,9,7,6,9,7,6,6,6,6,6,6,6,6,6,6,7,6,6,6,6,7,7,6,6,6,7,9,9,8,4,6,6,7,7,6,7,8,6,7,8,6,7,5,5,5,5,4,7,9,3,6,5,7,4,7,8,7,5,8,6,6,6,6,8,9,9,6,6,7,6,5,9,7,9,9,7,6,8,8,11,10,12,11,6,7,7,9,9,11,9,12,6,7,7,7,7,7,14,7,9,8,8,7,9,8,12,8,13,14,14,6,5,6,6,6,6,6,7,7,8,10,8,10,12,9,10,6,6,6,6,7,10,11,12,6,7,7,7,6,7,7,7,8,8,6,6,5,6,6,6,6,8,6,6,7,8,7,9,10,10,7,8,9,10,9,7,8,9,11,10,8,8,9,13,10,7,8,8,8,8,9,10,3,3,3,8,9,4,5,4,5,3,5,5,2,2,3,3,5,2,3,1,0,1,10,1,10,6,7,9,17,8,8,12,5
Semi-Slav Defense: Accelerated Move Order,7,7,7,10,8,7,10,8,7,7,7,7,7,7,7,7,7,7,8,7,7,7,7,8,8,7,7,7,8,10,10,9,5,7,7,8,8,7,8,9,7,8,9,7,8,6,6,6,6,5,8,10,4,7,6,8,5,8,9,8,6,9,7,7,7,7,9,10,10,7,7,8,7,6,10,8,10,10,8,7,9,9,12,11,13,12,7,8,8,10,10,12,10,13,7,8,8,8,8,8,15,8,10,9,9,8,10,9,13,9,14,15,15,7,6,7,7,7,7,7,8,8,9,11,9,11,13,10,11,7,7,7,7,8,11,12,13,7,8,8,8,7,8,8,8,9,9,7,7,6,7,7,7,7,9,7,7,8,9,8,10,11,11,8,9,10,11,10,8,9,10,12,11,9,9,10,14,11,8,9,9,9,9,10,11,4,4,4,9,10,5,6,5,6,4,6,6,3,3,4,4,6,3,4,2,1,0,11,1,11,7,8,10,18,9,9,13,6
Queen's Gambit Declined: Exchange Variation,8,8,8,11,9,8,11,9,8,8,8,8,8,8,8,8,9,8,9,8,8,9,8,9,9,8,8,8,9,11,11,10,9,8,9,9,9,8,9,10,8,9,10,8,9,7,7,7,7,6,9,11,8,8,7,9,8,9,10,9,7,10,8,9,8,8,10,11,11,8,9,10,9,9,13,11,13,13,11,9,11,10,13,12,14,14,9,10,10,12,12,14,12,15,8,9,9,9,9,9,16,9,11,10,11,10,12,11,15,10,15,16,16,10,10,10,10,10,10,10,12,9,12,14,12,14,16,13,14,10,10,10,10,11,12,13,14,10,11,11,11,10,11,11,11,12,12,10,11,10,11,11,11,11,13,11,11,12,13,12,14,15,15,12,13,14,15,14,12,13,14,16,15,13,13,14,18,15,12,13,13,13,13,14,15,8,8,8,10,11,9,10,9,10,8,10,10,8,9,10,10,12,9,10,9,10,11,0,11,12,13,14,11,19,10,10,14,7
Queen's Gambit Declined: Normal Defense,7,7,7,10,8,7,10,8,7,7,7,7,7,7,7,7,7,7,8,7,7,7,7,8,8,7,7,7,8,10,10,9,5,7,7,8,8,7,8,9,7,8,9,7,8,6,6,6,6,5,8,10,4,7,6,8,5,8,9,8,6,9,7,7,7,7,9,10,10,7,7,8,7,6,10,8,10,10,8,7,9,9,12,11,13,12,7,8,8,10,10,12,10,13,7,8,8,8,8,8,15,8,10,9,9,8,10,9,13,9,14,15,15,7,6,7,7,7,7,7,8,8,9,11,9,11,13,10,11,7,7,7,7,8,11,12,13,7,8,8,8,7,8,8,8,9,9,7,7,6,7,7,7,7,9,7,7,8,9,8,10,11,11,8,9,10,11,10,8,9,10,12,11,9,9,10,14,11,8,9,9,9,9,10,11,4,4,4,9,10,5,6,5,6,4,6,6,3,3,4,4,6,3,4,2,1,1,11,0,11,7,8,10,18,9,9,13,6
Queen's Gambit Declined: Three Knights Variation,8,8,8,11,9,8,11,9,8,8,8,8,8,8,8,8,9,8,9,8,8,9,8,9,9,8,8,8,9,11,11,10,9,8,9,9,9,8,9,10,8,9,10,8,9,7,7,7,7,6,9,11,8,8,7,9,8,9,10,9,7,10,8,9,8,8,10,11,11,8,9,10,9,9,13,11,13,13,11,9,11,10,13,12,14,14,9,10,10,12,12,14,12,15,8,9,9,9,9,9,16,9,11,10,11,10,12,11,15,10,15,16,16,10,10,10,10,10,10,10,12,9,12,14,12,14,16,13,14,10,10,10,10,11,12,13,14,10,11,11,11,10,11,11,11,12,12,10,11,10,11,11,11,11,13,11,11,12,13,12,14,15,15,12,13,14,15,14,12,13,14,16,15,13,13,14,18,15,12,13,13,13,13,14,15,8,8,8,10,11,9,10,9,10,8,10,10,8,9,10,10,12,9,10,9,10,11,12,11,0,13,14,11,19,10,10,14,7
Semi-Slav Defense,9,9,9,12,10,9,12,10,9,9,9,9,9,9,9,9,9,9,10,9,9,9,9,10,10,9,9,9,10,12,12,11,7,9,9,10,10,9,10,11,9,10,11,9,10,8,8,8,8,7,10,12,6,9,8,10,7,10,11,10,8,11,9,9,9,9,11,12,12,9,9,10,9,8,12,10,12,12,10,9,11,11,14,13,15,14,9,10,10,12,12,14,12,15,9,10,10,10,10,10,17,10,12,11,11,10,12,11,15,11,16,17,17,9,8,9,9,9,9,9,10,10,11,13,11,13,15,12,13,9,9,9,9,10,13,14,15,9,10,10,10,9,10,10,10,11,11,9,9,8,9,9,9,9,11,9,9,10,11,10,12,13,13,10,11,12,13,12,10,11,12,14,13,11,11,12,16,13,10,11,11,11,11,12,13,6,6,6,11,12,7,8,7,8,6,8,8,5,4,4,3,1,5,6,5,6,7,13,7,13,0,9,12,20,11,11,15,8
Semi-Slav Defense: Main Line,10,10,10,13,11,10,13,11,10,10,10,10,10,10,10,10,10,10,11,10,10,10,10,11,11,10,10,10,11,13,13,12,8,10,10,11,11,10,11,12,10,11,12,10,11,9,9,9,9,8,11,13,7,10,9,11,8,11,12,11,9,12,10,10,10,10,12,13,13,10,10,11,10,9,13,11,13,13,11,10,12,12,15,14,16,15,10,11,11,13,13,15,13,16,10,11,11,11,11,11,18,11,13,12,12,11,13,12,16,12,17,18,18,10,9,10,10,10,10,10,11,11,12,14,12,14,16,13,14,10,10,10,10,11,14,15,16,10,11,11,11,10,11,11,11,12,12,10,10,9,10,10,10,10,12,10,10,11,12,11,13,14,14,11,12,13,14,13,11,12,13,15,14,12,12,13,17,14,11,12,12,12,12,13,14,7,7,7,12,13,8,9,8,9,7,9,9,6,5,6,6,8,6,7,6,7,8,14,8,14,9,0,13,21,12,12,16,9
Nimzo-Indian Defense,7,7,7,10,8,7,10,8,7,7,7,7,7,7,7,7,8,7,8,7,7,8,7,8,8,7,7,7,8,10,10,9,8,7,8,8,8,7,8,9,7,8,9,7,8,6,6,6,6,5,8,10,7,7,6,8,7,8,9,8,6,9,7,8,7,7,9,10,10,7,8,9,8,8,12,10,12,12,10,8,10,9,12,11,13,13,8,9,9,11,11,13,11,14,7,8,8,8,8,8,15,8,10,9,10,9,11,10,14,9,14,15,15,9,9,9,9,9,9,9,11,8,11,13,11,13,15,12,13,9,9,9,9,10,11,12,13,9,10,10,10,9,10,10,10,11,11,9,10,9,10,10,10,10,12,10,10,11,12,11,13,14,14,11,12,13,14,13,11,12,13,15,14,12,12,13,17,14,11,12,12,12,12,13,14,7,7,7,9,10,8,9,8,9,7,9,9,7,8,9,9,11,8,9,8,9,10,11,10,11,12,13,0,8,9,9,13,6
Nimzo-Indian Defense: Ragozin Variation,15,15,15,18,16,15,18,16,15,15,15,15,15,15,15,15,16,15,16,15,15,16,15,16,16,15,15,15,16,18,18,17,16,15,16,16,16,15,16,17,15,16,17,15,16,14,14,14,14,13,16,18,15,15,14,16,15,16,17,16,14,17,15,16,15,15,17,18,18,15,16,17,16,16,20,18,20,20,18,16,18,17,20,19,21,21,16,17,17,19,19,21,19,22,15,16,16,16,16,16,23,16,18,17,18,17,19,18,22,17,22,23,23,17,17,17,17,17,17,17,19,16,19,21,19,21,23,20,21,17,17,17,17,18,19,20,21,17,18,18,18,17,18,18,18,19,19,17,18,17,18,18,18,18,20,18,18,19,20,19,21,22,22,19,20,21,22,21,19,20,21,23,22,20,20,21,25,22,19,20,20,20,20,21,22,15,15,15,17,18,16,17,16,17,15,17,17,15,16,17,17,19,16,17,16,17,18,19,18,19,20,21,8,0,17,17,21,14
"King's Indian Defense: Normal Variation, King's Knight Variation",6,6,6,9,7,6,9,7,6,6,6,6,6,6,6,6,7,6,7,6,6,7,6,7,7,6,6,6,7,9,9,8,7,6,7,7,7,6,7,8,6,7,8,6,7,5,5,5,5,4,7,9,6,6,5,7,6,1,1,7,5,8,6,7,6,6,8,9,9,6,7,8,7,7,11,9,11,11,9,7,9,8,11,10,12,12,7,8,8,10,10,12,10,13,6,7,7,7,7,7,14,7,9,8,9,8,10,9,13,8,13,14,14,8,8,8,8,8,8,8,10,7,10,12,10,12,14,11,12,8,8,8,8,9,10,11,12,8,9,9,9,8,9,9,9,10,10,8,9,8,9,9,9,9,11,9,9,10,11,10,12,13,13,10,11,12,13,12,10,11,12,14,13,11,11,12,16,13,10,11,11,11,11,12,13,6,6,6,8,9,7,8,7,8,6,8,8,6,7,8,8,10,7,8,7,8,9,10,9,10,11,12,9,17,0,8,12,5
King's Indian Defense,6,6,6,9,7,6,9,7,6,6,6,6,6,6,6,6,7,6,7,6,6,7,6,7,7,6,6,6,7,9,9,8,7,6,7,7,7,6,7,8,6,7,8,6,7,5,5,5,5,4,7,9,6,6,5,7,6,7,8,7,5,8,6,7,6,6,8,9,9,6,7,8,7,7,11,9,11,11,9,7,9,8,11,10,12,12,7,8,8,10,10,12,10,13,6,7,7,7,7,7,14,7,9,8,9,8,10,9,13,8,13,14,14,8,8,8,8,8,8,8,10,7,10,12,10,12,14,11,12,8,8,8,8,9,10,11,12,8,9,9,9,8,9,9,9,10,10,8,9,8,9,9,9,9,11,9,9,10,11,10,12,13,13,10,11,12,13,12,10,11,12,14,13,11,11,12,16,13,10,11,11,11,11,12,13,6,6,6,8,9,7,8,7,8,6,8,8,6,7,8,8,10,7,8,7,8,9,10,9,10,11,12,9,17,8,0,4,5
"King's Indian Defense: Normal Variation, Rare Defenses",10,10,10,13,11,10,13,11,10,10,10,10,10,10,10,10,11,10,11,10,10,11,10,11,11,10,10,10,11,13,13,12,11,10,11,11,11,10,11,12,10,11,12,10,11,9,9,9,9,8,11,13,10,10,9,11,10,11,12,11,9,12,10,11,10,10,12,13,13,10,11,12,11,11,15,13,15,15,13,11,13,12,15,14,16,16,11,12,12,14,14,16,14,17,10,11,11,11,11,11,18,11,13,12,13,12,14,13,17,12,17,18,18,12,12,12,12,12,12,12,14,11,14,16,14,16,18,15,16,12,12,12,12,13,14,15,16,12,13,13,13,12,13,13,13,14,14,12,13,12,13,13,13,13,15,13,13,14,15,14,16,17,17,14,15,16,17,16,14,15,16,18,17,15,15,16,20,17,14,15,15,15,15,16,17,10,10,10,12,13,11,12,11,12,10,12,12,10,11,12,12,14,11,12,11,12,13,14,13,14,15,16,13,21,12,4,0,9
Starting Position,1,1,1,4,2,2,4,2,1,2,1,1,1,2,1,1,2,2,2,1,2,2,2,2,2,2,2,2,2,4,4,3,3,1,2,2,2,2,2,3,2,3,4,2,3,2,2,2,2,1,4,6,3,3,2,4,3,4,5,4,2,5,2,2,1,2,4,5,5,2,2,3,2,2,6,4,6,6,4,2,4,4,6,5,7,7,2,3,3,5,5,7,5,8,2,3,3,3,3,3,10,3,5,4,5,4,6,5,9,4,9,10,10,3,3,3,3,3,3,3,5,4,5,7,5,7,9,6,7,3,3,3,3,4,5,6,7,3,4,4,4,3,4,4,4,5,5,3,4,3,4,4,4,4,6,4,4,5,6,5,7,8,8,5,6,7,8,7,5,6,7,9,8,6,6,7,11,8,5,6,6,6,6,7,8,3,3,3,5,4,4,5,4,5,3,5,5,3,4,5,5,7,4,5,4,5,6,7,6,7,8,9,6,14,5,5,9,0
